<model xmlns="http://org.openecomp.aai.inventory/v10">
    <model-invariant-id>379f816b-a7aa-422f-be30-17114ff50b7c</model-invariant-id>
    <model-type>resource</model-type>
    <model-vers>
        <model-ver>
            <model-version-id>af584529-d7f0-420e-a6f3-c38b689c030f</model-version-id>
            <model-name>ExtVL</model-name>
            <model-version>4.0</model-version>
            <model-description>ECOMP generic virtual link (network) base type for all other service-level and global networks</model-description>
            <model-elements>
                <model-element>
                    <new-data-del-flag>F</new-data-del-flag>
                    <cardinality>unbounded</cardinality>
                    <model-elements/>
                    <relationship-list>
                        <relationship>
                            <related-to>model-ver</related-to>
                            <relationship-data>
                                <relationship-key>model-ver.model-version-id</relationship-key>
                                <relationship-value>9111f20f-e680-4001-b83f-19a2fc23bfc1</relationship-value>
                            </relationship-data>
                            <relationship-data>
                                <relationship-key>model.model-invariant-id</relationship-key>
                                <relationship-value>3d560d81-57d0-438b-a2a1-5334dba0651a</relationship-value>
                            </relationship-data>
                        </relationship>
                    </relationship-list>
                </model-element>
            </model-elements>
        </model-ver>
    </model-vers>
</model>