<vendor-license-model xmlns="http://xmlns.openecomp.org/asdc/license-model/1.0"><vendor-name>1627ae7f-c659-4a51-b647</vendor-name><entitlement-pool-list><entitlement-pool><entitlement-pool-invariant-uuid>e5cddcebfd684a3e9acd28641233c431</entitlement-pool-invariant-uuid><entitlement-pool-uuid>DD483D3262E148C7B6827942AE3FE6CC</entitlement-pool-uuid><version>1.0</version><name>596e162b-3072-47a5-88cc</name><description>vendor entitlement pool</description><increments/><manufacturer-reference-number>111111</manufacturer-reference-number><sp-limits/><vendor-limits/><operational-scope><value/></operational-scope><start-date>2019-05-20T00:00:00Z</start-date><expiry-date>2020-05-19T23:59:59Z</expiry-date><threshold-value><unit>Percentage</unit><value>100</value></threshold-value></entitlement-pool></entitlement-pool-list><license-key-group-list><license-key-group><version>1.0</version><name>f86e7724-55ab-43c7-932a</name><description>vendor license key group</description><type>Universal</type><increments/><manufacturerReferenceNumber>11111</manufacturerReferenceNumber><license-key-group-invariant-uuid>55c484de42394951a24d2f65315101b1</license-key-group-invariant-uuid><license-key-group-uuid>CB33429804DB4DD2961A33D68A3B1950</license-key-group-uuid><sp-limits/><vendor-limits/><operational-scope><value/></operational-scope><start-date>2019-05-20T00:00:00Z</start-date><expiry-date>2020-05-19T23:59:59Z</expiry-date><threshold-value><unit>Percentage</unit><value>100</value></threshold-value></license-key-group></license-key-group-list></vendor-license-model>