<vf-license-model xmlns="http://xmlns.openecomp.org/asdc/license-model/1.0"><vendor-name>VLM_vMee</vendor-name><vf-id>9d0e0251b5684a61ba4e1e5c1643b83c</vf-id><feature-group-list><feature-group><entitlement-pool-list><entitlement-pool><name>EP_vMee</name><description>EP_vMee</description><increments>1</increments><entitlement-pool-uuid>E67612BE208647F99CA53180444335CE</entitlement-pool-uuid><start-date>09/25/2017T00:00:00Z</start-date><expiry-date>08/31/2018T23:59:59Z</expiry-date><manufacturer-reference-number>123456</manufacturer-reference-number><threshold-value><unit>Percentage</unit><value>90</value></threshold-value><sp-limits/><vendor-limits/><operational-scope><value>Network_Wide</value><value>Data_Center</value><value>Availability_Zone</value></operational-scope></entitlement-pool></entitlement-pool-list><license-key-group-list><license-key-group><name>LKP_vMee</name><description>LKP_vMee</description><type>Universal</type><increments>1</increments><license-key-group-uuid>5833EF35312246DFBFBBC139ED317A1F</license-key-group-uuid><start-date>09/25/2017T00:00:00Z</start-date><expiry-date>12/31/2017T23:59:59Z</expiry-date><manufacturer-reference-number>123456</manufacturer-reference-number><threshold-value><unit>Percentage</unit><value>90</value></threshold-value><sp-limits/><vendor-limits/><operational-scope><value>Network_Wide</value><value>Data_Center</value></operational-scope></license-key-group></license-key-group-list><description>FG_vMee</description><part-number>123456</part-number><name>FG_vMee</name><feature-group-uuid>33fa2f888b6f427c80a47e889acd4838</feature-group-uuid></feature-group></feature-group-list></vf-license-model>