<vendor-license-model xmlns="http://xmlns.openecomp.org/asdc/license-model/1.0"><vendor-name>Mobility Vendor</vendor-name><entitlement-pool-list><entitlement-pool><entitlement-pool-invariant-uuid>A4B513E764D8459AAA69794E2BA2AEED</entitlement-pool-invariant-uuid><entitlement-pool-uuid>0b426b55-4a50-4697-83aa-18ff206a8d5d</entitlement-pool-uuid><version>1.0</version><name>Blank Entitlement Pool</name><description>blank</description><increments>NA</increments><manufacturer-reference-number>000</manufacturer-reference-number><vendor-limits/><operational-scope><value>Network_Wide</value></operational-scope><start-date/><expiry-date/><threshold-value><unit>Absolute</unit><value>0</value></threshold-value><sp-limits/></entitlement-pool><entitlement-pool><entitlement-pool-invariant-uuid>A4B513E764D8459AAA69794E2BA2AEED</entitlement-pool-invariant-uuid><entitlement-pool-uuid>f389e9d8-f3a0-414d-9312-bcfc89c7d81d</entitlement-pool-uuid><version>2.0</version><name>Blank Entitlement Pool</name><description>blank</description><increments>NA</increments><manufacturer-reference-number>000</manufacturer-reference-number><vendor-limits/><operational-scope><value>Network_Wide</value></operational-scope><start-date/><expiry-date/><threshold-value><unit>Absolute</unit><value>0</value></threshold-value><sp-limits/></entitlement-pool></entitlement-pool-list><license-key-group-list/></vendor-license-model>