[
  {
    "vfModuleModelName": "2017488AdiodVpe2..ADIOD_base_vPE_BV..module-0",
    "vfModuleModelInvariantUUID": "c636b302-fba2-4ed7-9f3b-c99715b6bb2e",
    "vfModuleModelVersion": "1",
    "vfModuleModelUUID": "0a45a870-3a19-4238-a72a-eadfc583d4fe",
    "vfModuleModelCustomizationUUID": "a0b634e6-514e-4977-91dd-3b8c295e6bc8",
    "isBase": true,
    "artifacts": [
      "794d67b0-6419-41ea-8b7b-b9e73d129485",
      "9603952d-835c-457e-a707-0fe2fe95f138"
    ],
    "properties": {
      "min_vf_module_instances": "1",
      "vf_module_label": "ADIOD_base_vPE_BV",
      "max_vf_module_instances": "1",
      "vfc_list": "",
      "vf_module_description": "",
      "vf_module_type": "Base",
      "availability_zone_count": "",
      "volume_group": "false",
      "initial_count": "1"
    }
  },
  {
    "vfModuleModelName": "2017488AdiodVpe2..ADIOD_vRE_BV..module-1",
    "vfModuleModelInvariantUUID": "54466b6d-e33c-4f4d-87e2-32bc5b103589",
    "vfModuleModelVersion": "1",
    "vfModuleModelUUID": "3f6d5e51-a9a0-4c53-bb6d-be836767d96f",
    "vfModuleModelCustomizationUUID": "dba1d1ff-77e2-4f4d-b1b4-1bed564f13b1",
    "isBase": false,
    "artifacts": [
      "51c496c3-547e-4a78-9455-34b3a7b49307",
      "4e12b5ad-ece5-4335-b8cb-f4939f022bbf",
      "144dba38-8eb2-46e3-8dcf-cdc727be5d9e",
      "6cf3f963-5ba3-4a5b-a511-ba3678b4651b",
      "e6a6b13b-30b6-45f0-927b-407c412fb02e"
    ],
    "properties": {
      "min_vf_module_instances": "0",
      "vf_module_label": "ADIOD_vRE_BV",
      "max_vf_module_instances": "",
      "vfc_list": "",
      "vf_module_description": "",
      "vf_module_type": "Expansion",
      "availability_zone_count": "",
      "volume_group": "true",
      "initial_count": "0"
    }
  },
  {
    "vfModuleModelName": "2017488AdiodVpe2..ADIOD_vPFE_BV..module-2",
    "vfModuleModelInvariantUUID": "83dc51de-a337-498e-9fee-763603a057b4",
    "vfModuleModelVersion": "1",
    "vfModuleModelUUID": "13bea14d-9405-43c6-920b-97bab64b6a01",
    "vfModuleModelCustomizationUUID": "a90865d5-6de0-4ef8-bf53-d45fa3edddfc",
    "isBase": false,
    "artifacts": [
      "888f6668-3631-4bb1-8399-fcc0b8747120",
      "edc88d5a-505d-45aa-a088-1e56c00bafa9",
      "9f66f3a2-e190-4c7d-ab87-d310746c7745",
      "77090c77-4f23-4418-95b5-6a0a763a06c9"
    ],
    "properties": {
      "min_vf_module_instances": "0",
      "vf_module_label": "ADIOD_vPFE_BV",
      "max_vf_module_instances": "",
      "vfc_list": "",
      "vf_module_description": "",
      "vf_module_type": "Expansion",
      "availability_zone_count": "",
      "volume_group": "true",
      "initial_count": "0"
    }
  }
]