<vf-license-model xmlns="http://xmlns.openecomp.org/asdc/license-model/1.0"><vendor-name>mdns_2017_1011_IST_VLM</vendor-name><vf-id>43b11940882e46acaa410dd1c760f5fa</vf-id><feature-group-list><feature-group><entitlement-pool-list><entitlement-pool><name>mdns_2017_1011_IST_EP</name><description>mdns_2017_1011_IST_EP</description><increments/><entitlement-pool-uuid>6910081FD63147C1BBAC5187FF646302</entitlement-pool-uuid><start-date/><expiry-date/><manufacturer-reference-number>N/A</manufacturer-reference-number><threshold-value><unit>Absolute</unit><value>100</value></threshold-value><sp-limits/><vendor-limits/><operational-scope><value/></operational-scope></entitlement-pool></entitlement-pool-list><license-key-group-list><license-key-group><name>mdns_2017_1011_IST_LKG</name><description>mdns_2017_1011_IST_LKG</description><type>Universal</type><increments/><license-key-group-uuid>480ED9FA90124E93BF2A82989F653F86</license-key-group-uuid><start-date/><expiry-date/><manufacturer-reference-number>N/A</manufacturer-reference-number><threshold-value><unit/><value/></threshold-value><sp-limits/><vendor-limits/><operational-scope><value/></operational-scope></license-key-group></license-key-group-list><description/><part-number>N/A</part-number><name>mdns_2017_1011_IST_FG</name><feature-group-uuid>d800ad6429644bb7a22cafdf4fa8c10c</feature-group-uuid></feature-group></feature-group-list></vf-license-model>