<model xmlns="http://org.onap.aai.inventory/v12">
    <model-invariant-id>a955ef78-2d06-43d1-b05d-73915310816e</model-invariant-id>
    <model-type>resource</model-type>
    <model-vers>
        <model-ver>
            <model-version-id>6675e0c2-a8fe-49a8-a511-444c663bd0d4</model-version-id>
            <model-name>Vocg1804Vf..ocgapp_003..module-13</model-name>
            <model-version>2</model-version>
            <model-elements>
                <model-element>
                    <new-data-del-flag>T</new-data-del-flag>
                    <cardinality>unbounded</cardinality>
                    <model-elements>
                        <model-element>
                            <new-data-del-flag>T</new-data-del-flag>
                            <cardinality>unbounded</cardinality>
                            <model-elements>
                                <model-element>
                                    <new-data-del-flag>F</new-data-del-flag>
                                    <cardinality>unbounded</cardinality>
                                    <model-elements/>
                                    <relationship-list>
                                        <relationship>
                                            <related-to>model-ver</related-to>
                                            <relationship-data>
                                                <relationship-key>model-ver.model-version-id</relationship-key>
                                                <relationship-value>f6a038c2-820c-42ba-8c2b-375e24e8f932</relationship-value>
                                            </relationship-data>
                                            <relationship-data>
                                                <relationship-key>model.model-invariant-id</relationship-key>
                                                <relationship-value>3f4c7204-739b-4bbb-87a7-8a6856439c90</relationship-value>
                                            </relationship-data>
                                        </relationship>
                                    </relationship-list>
                                </model-element>
                                <model-element>
                                    <new-data-del-flag>F</new-data-del-flag>
                                    <cardinality>unbounded</cardinality>
                                    <model-elements/>
                                    <relationship-list>
                                        <relationship>
                                            <related-to>model-ver</related-to>
                                            <relationship-data>
                                                <relationship-key>model-ver.model-version-id</relationship-key>
                                                <relationship-value>abcc54bc-bb74-49dc-9043-7f7171707545</relationship-value>
                                            </relationship-data>
                                            <relationship-data>
                                                <relationship-key>model.model-invariant-id</relationship-key>
                                                <relationship-value>97c26c99-6870-44c1-8a07-1d900d3f4ce6</relationship-value>
                                            </relationship-data>
                                        </relationship>
                                    </relationship-list>
                                </model-element>
                                <model-element>
                                    <new-data-del-flag>F</new-data-del-flag>
                                    <cardinality>unbounded</cardinality>
                                    <model-elements/>
                                    <relationship-list>
                                        <relationship>
                                            <related-to>model-ver</related-to>
                                            <relationship-data>
                                                <relationship-key>model-ver.model-version-id</relationship-key>
                                                <relationship-value>36200fb5-f251-4f5d-a520-7c5ad5c2cd4b</relationship-value>
                                            </relationship-data>
                                            <relationship-data>
                                                <relationship-key>model.model-invariant-id</relationship-key>
                                                <relationship-value>bace8d1c-a261-4041-9e37-823117415d0f</relationship-value>
                                            </relationship-data>
                                        </relationship>
                                    </relationship-list>
                                </model-element>
                                <model-element>
                                    <new-data-del-flag>T</new-data-del-flag>
                                    <cardinality>unbounded</cardinality>
                                    <model-elements/>
                                    <relationship-list>
                                        <relationship>
                                            <related-to>model-ver</related-to>
                                            <relationship-data>
                                                <relationship-key>model-ver.model-version-id</relationship-key>
                                                <relationship-value>0fbe2e8f-4d91-4415-a772-88387049b38d</relationship-value>
                                            </relationship-data>
                                            <relationship-data>
                                                <relationship-key>model.model-invariant-id</relationship-key>
                                                <relationship-value>ddd739b4-2b25-46c4-affc-41a32af5cc42</relationship-value>
                                            </relationship-data>
                                        </relationship>
                                    </relationship-list>
                                </model-element>
                                <model-element>
                                    <new-data-del-flag>T</new-data-del-flag>
                                    <cardinality>unbounded</cardinality>
                                    <model-elements/>
                                    <relationship-list>
                                        <relationship>
                                            <related-to>model-ver</related-to>
                                            <relationship-data>
                                                <relationship-key>model-ver.model-version-id</relationship-key>
                                                <relationship-value>5761e0a7-c6df-4d8a-9ebd-b8f445054dec</relationship-value>
                                            </relationship-data>
                                            <relationship-data>
                                                <relationship-key>model.model-invariant-id</relationship-key>
                                                <relationship-value>96129eb9-f0de-4e05-8af2-73146473f766</relationship-value>
                                            </relationship-data>
                                        </relationship>
                                    </relationship-list>
                                </model-element>
                            </model-elements>
                            <relationship-list>
                                <relationship>
                                    <related-to>model-ver</related-to>
                                    <relationship-data>
                                        <relationship-key>model-ver.model-version-id</relationship-key>
                                        <relationship-value>8ecb2c5d-7176-4317-a255-26274edfdd53</relationship-value>
                                    </relationship-data>
                                    <relationship-data>
                                        <relationship-key>model.model-invariant-id</relationship-key>
                                        <relationship-value>ff69d4e0-a8e8-4108-bdb0-dd63217e63c7</relationship-value>
                                    </relationship-data>
                                </relationship>
                            </relationship-list>
                        </model-element>
                    </model-elements>
                    <relationship-list>
                        <relationship>
                            <related-to>model-ver</related-to>
                            <relationship-data>
                                <relationship-key>model-ver.model-version-id</relationship-key>
                                <relationship-value>c00563ae-812b-4e62-8330-7c4d0f47088a</relationship-value>
                            </relationship-data>
                            <relationship-data>
                                <relationship-key>model.model-invariant-id</relationship-key>
                                <relationship-value>ef86f9c5-2165-44f3-8fc3-96018b609ea5</relationship-value>
                            </relationship-data>
                        </relationship>
                    </relationship-list>
                </model-element>
            </model-elements>
        </model-ver>
    </model-vers>
</model>