<model xmlns="http://org.openecomp.aai.inventory/v10">
    <model-invariant-id>b0303003-0abb-454c-9119-8cbe2e09e003</model-invariant-id>
    <model-type>resource</model-type>
    <model-vers>
        <model-ver>
            <model-version-id>e5d235de-2188-4f9f-a28c-fe38967883f2</model-version-id>
            <model-name>MULTI_PROVIDER_PORT_GROUP</model-name>
            <model-version>1.0</model-version>
            <model-description>Creates a neutron multi-provider VLAN network with dummy subnet</model-description>
            <model-elements>
                <model-element>
                    <new-data-del-flag>F</new-data-del-flag>
                    <cardinality>unbounded</cardinality>
                    <model-elements/>
                    <relationship-list>
                        <relationship>
                            <related-to>model-ver</related-to>
                            <relationship-data>
                                <relationship-key>model-ver.model-version-id</relationship-key>
                                <relationship-value>9111f20f-e680-4001-b83f-19a2fc23bfc1</relationship-value>
                            </relationship-data>
                            <relationship-data>
                                <relationship-key>model.model-invariant-id</relationship-key>
                                <relationship-value>3d560d81-57d0-438b-a2a1-5334dba0651a</relationship-value>
                            </relationship-data>
                        </relationship>
                    </relationship-list>
                </model-element>
            </model-elements>
        </model-ver>
    </model-vers>
</model>