<model xmlns="http://org.openecomp.aai.inventory/v10">
    <model-invariant-id>b34833bb-6aa9-4ad6-a831-70b06367a091</model-invariant-id>
    <model-type>resource</model-type>
    <model-vers>
        <model-ver>
            <model-version-id>040e591e-5d30-4e0d-850f-7266e5a8e013</model-version-id>
            <model-name>2017488AdiodVpe..ADIOD_base_vPE_BV..module-0</model-name>
            <model-version>6</model-version>
            <model-description></model-description>
            <model-elements>
                <model-element>
                    <new-data-del-flag>T</new-data-del-flag>
                    <cardinality>unbounded</cardinality>
                    <model-elements>
                        <model-element>
                            <new-data-del-flag>T</new-data-del-flag>
                            <cardinality>unbounded</cardinality>
                            <model-elements/>
                            <relationship-list>
                                <relationship>
                                    <related-to>model-ver</related-to>
                                    <relationship-data>
                                        <relationship-key>model-ver.model-version-id</relationship-key>
                                        <relationship-value>9111f20f-e680-4001-b83f-19a2fc23bfc1</relationship-value>
                                    </relationship-data>
                                    <relationship-data>
                                        <relationship-key>model.model-invariant-id</relationship-key>
                                        <relationship-value>3d560d81-57d0-438b-a2a1-5334dba0651a</relationship-value>
                                    </relationship-data>
                                </relationship>
                            </relationship-list>
                        </model-element>
                    </model-elements>
                    <relationship-list>
                        <relationship>
                            <related-to>model-ver</related-to>
                            <relationship-data>
                                <relationship-key>model-ver.model-version-id</relationship-key>
                                <relationship-value>c00563ae-812b-4e62-8330-7c4d0f47088a</relationship-value>
                            </relationship-data>
                            <relationship-data>
                                <relationship-key>model.model-invariant-id</relationship-key>
                                <relationship-value>ef86f9c5-2165-44f3-8fc3-96018b609ea5</relationship-value>
                            </relationship-data>
                        </relationship>
                    </relationship-list>
                </model-element>
            </model-elements>
        </model-ver>
    </model-vers>
</model>