<vendor-license-model xmlns="http://xmlns.openecomp.org/asdc/license-model/1.0"><vendor-name>VLM1710PID298109</vendor-name><entitlement-pool-list><entitlement-pool><entitlement-pool-invariant-uuid>e90c55d99b1f4c898a956875284a2b65</entitlement-pool-invariant-uuid><entitlement-pool-uuid>6D598AFED23946419099ADD963BC5A7C</entitlement-pool-uuid><version>1.0</version><name>EP1</name><description>EP1</description><increments>1</increments><manufacturer-reference-number>123456</manufacturer-reference-number><threshold-value><unit>Absolute</unit><value>1</value></threshold-value><sp-limits/><vendor-limits/><operational-scope><value>Availability_Zone</value></operational-scope><start-date/><expiry-date/></entitlement-pool></entitlement-pool-list><license-key-group-list><license-key-group><version>1.0</version><name>LKG1</name><description>LKG1</description><type>Universal</type><increments>1</increments><manufacturerReferenceNumber>123456</manufacturerReferenceNumber><license-key-group-invariant-uuid>b7d455c90060499797ec5a492d3949ec</license-key-group-invariant-uuid><license-key-group-uuid>56BE6435BFF14D37A8C79E8AB0DB65F8</license-key-group-uuid><threshold-value><unit>Absolute</unit><value>1</value></threshold-value><sp-limits/><vendor-limits/><operational-scope><value>Availability_Zone</value></operational-scope><start-date/><expiry-date/></license-key-group></license-key-group-list></vendor-license-model>