<model xmlns="http://com.att.aai.inventory/v9">
    <model-invariant-id>a977af77-db15-4375-a637-e9b994ecd569</model-invariant-id>
    <model-type>service</model-type>
    <model-vers>
        <model-ver>
            <model-version-id>281b5f7d-c7ac-4ea9-92fb-2c1d625ca681</model-version-id>
            <model-name>vMME_rVPMS_FE AIC3.0-11.2.1.7_SVC</model-name>
            <model-version>1.0</model-version>
            <model-description>New service for vMME vProbe Front End AIC3.0 VPMS Radcom 11.2.1.7. Front End includes Qrouter, vProbe aff, vLB Agent aff and vLB.</model-description>
            <model-elements>
                <model-element>
                    <new-data-del-flag>T</new-data-del-flag>
                    <cardinality>unbounded</cardinality>
                    <model-elements>
                        <model-element>
                            <new-data-del-flag>T</new-data-del-flag>
                            <cardinality>unbounded</cardinality>
                            <model-elements/>
                            <relationship-list>
                                <relationship>
                                    <related-to>model-ver</related-to>
                                    <relationship-data>
                                        <relationship-key>model-ver.model-version-id</relationship-key>
                                        <relationship-value>245562de-3984-49ef-a708-6c9d7cfcabd1</relationship-value>
                                    </relationship-data>
                                    <relationship-data>
                                        <relationship-key>model.model-invariant-id</relationship-key>
                                        <relationship-value>124216d6-71d0-41c8-ac81-0c5acfee514a</relationship-value>
                                    </relationship-data>
                                </relationship>
                            </relationship-list>
                        </model-element>
                    </model-elements>
                    <relationship-list>
                        <relationship>
                            <related-to>model-ver</related-to>
                            <relationship-data>
                                <relationship-key>model-ver.model-version-id</relationship-key>
                                <relationship-value>46b92144-923a-4d20-b85a-3cbd847668a9</relationship-value>
                            </relationship-data>
                            <relationship-data>
                                <relationship-key>model.model-invariant-id</relationship-key>
                                <relationship-value>82194af1-3c2c-485a-8f44-420e22a9eaa4</relationship-value>
                            </relationship-data>
                        </relationship>
                    </relationship-list>
                </model-element>
            </model-elements>
        </model-ver>
    </model-vers>
</model>