<vf-license-model xmlns="http://xmlns.openecomp.org/asdc/license-model/1.0"><vendor-name>VLM1710PID298109</vendor-name><vf-id>c69c6b56e38a4177880087ceffe2d244</vf-id><feature-group-list><feature-group><entitlement-pool-list><entitlement-pool><name>EP1</name><description>EP1</description><increments>1</increments><entitlement-pool-uuid>6D598AFED23946419099ADD963BC5A7C</entitlement-pool-uuid><manufacturer-reference-number>123456</manufacturer-reference-number><threshold-value><unit>Absolute</unit><value>1</value></threshold-value><sp-limits/><vendor-limits/><operational-scope><value>Availability_Zone</value></operational-scope><start-date/><expiry-date/></entitlement-pool></entitlement-pool-list><license-key-group-list><license-key-group><name>LKG1</name><description>LKG1</description><type>Universal</type><increments>1</increments><license-key-group-uuid>56BE6435BFF14D37A8C79E8AB0DB65F8</license-key-group-uuid><manufacturer-reference-number>123456</manufacturer-reference-number><threshold-value><unit>Absolute</unit><value>1</value></threshold-value><sp-limits/><vendor-limits/><operational-scope><value>Availability_Zone</value></operational-scope><start-date/><expiry-date/></license-key-group></license-key-group-list><name>FG1</name><part-number>123456</part-number><description>FG1</description><feature-group-uuid>fe6de400ad0547789a50f8bbc62defca</feature-group-uuid></feature-group></feature-group-list></vf-license-model>