[
  {
    "vfModuleModelName": "201712488AdiodVpe1..ADIOD_base_vPE_BV..module-0",
    "vfModuleModelInvariantUUID": "64e7f271-7c1b-4645-9276-f3a97fd47db3",
    "vfModuleModelVersion": "3",
    "vfModuleModelUUID": "806505b8-7a7c-47a2-acef-b4d26fe95a92",
    "vfModuleModelCustomizationUUID": "2af2bd85-4d86-47ca-9904-1188e85a6b6a",
    "isBase": true,
    "artifacts": [
      "4037d1f2-f4ad-4119-9d0e-d5a1098e93db",
      "a5cae572-51ed-4e97-8494-0a58889a9b64"
    ],
    "properties": {
      "min_vf_module_instances": "1",
      "vf_module_label": "ADIOD_base_vPE_BV",
      "max_vf_module_instances": "1",
      "vfc_list": "",
      "vf_module_description": "",
      "vf_module_type": "Base",
      "availability_zone_count": "",
      "volume_group": "false",
      "initial_count": "1"
    }
  },
  {
    "vfModuleModelName": "201712488AdiodVpe1..ADIOD_vRE_BV..module-1",
    "vfModuleModelInvariantUUID": "28068ccb-be1a-4c0d-b5c5-50c4914123d6",
    "vfModuleModelVersion": "3",
    "vfModuleModelUUID": "8d521692-7661-4296-b77e-a2058bb62e87",
    "vfModuleModelCustomizationUUID": "cb398151-2473-420a-aeda-a5bb4b837e02",
    "isBase": false,
    "artifacts": [
      "dfc32df2-ccb7-463a-b8c7-6d0738d88367",
      "accb116d-430d-416a-b8b0-f19d64d1fe08",
      "7b0d1ff0-dc35-4266-a09f-88f4b5b159b8",
      "c4f2b6a7-343d-429c-a51b-8f0f108723aa",
      "1c4155d3-e7f1-4b8a-816b-53a6cb2cb79a"
    ],
    "properties": {
      "min_vf_module_instances": "0",
      "vf_module_label": "ADIOD_vRE_BV",
      "max_vf_module_instances": "",
      "vfc_list": "",
      "vf_module_description": "",
      "vf_module_type": "Expansion",
      "availability_zone_count": "",
      "volume_group": "true",
      "initial_count": "0"
    }
  },
  {
    "vfModuleModelName": "201712488AdiodVpe1..ADIOD_vPFE_BV..module-2",
    "vfModuleModelInvariantUUID": "31ada8bc-64bb-4935-ac32-11ae416d93d1",
    "vfModuleModelVersion": "3",
    "vfModuleModelUUID": "79fbee20-7fba-4166-ae4b-b94c869e7d8b",
    "vfModuleModelCustomizationUUID": "74e6b5c5-5817-461f-813f-397c69691030",
    "isBase": false,
    "artifacts": [
      "b9747ec3-62f4-4400-b1eb-5599f3b486cc",
      "c50527e2-a28d-47a8-9157-4e8c00c4ef48",
      "3b6b7d6c-ec7c-464f-8d64-33e688a8feb1",
      "af933627-04e4-4c2f-a64f-262cacc8e0a5"
    ],
    "properties": {
      "min_vf_module_instances": "0",
      "vf_module_label": "ADIOD_vPFE_BV",
      "max_vf_module_instances": "",
      "vfc_list": "",
      "vf_module_description": "",
      "vf_module_type": "Expansion",
      "availability_zone_count": "",
      "volume_group": "true",
      "initial_count": "0"
    }
  }
]