<vendor-license-model xmlns="http://xmlns.openecomp.org/asdc/license-model/1.0"><vendor-name>ATT</vendor-name><entitlement-pool-list><entitlement-pool><entitlement-pool-invariant-uuid>8EF4839D7CBC49BDA4C9055285D7F556</entitlement-pool-invariant-uuid><entitlement-pool-uuid>0f55e9ac-5516-45c2-b376-825ff0cd77ec</entitlement-pool-uuid><version>1.0</version><name>Placeholder EP</name><description>tbd</description><increments>200</increments><manufacturer-reference-number>tbd</manufacturer-reference-number><threshold-value><unit>Absolute</unit><value>1000</value></threshold-value><entitlement-metric><value>CPU</value></entitlement-metric><time><value>Month</value></time><aggregation-function><value>Average</value></aggregation-function><operational-scope><value>VM</value></operational-scope></entitlement-pool></entitlement-pool-list><license-key-group-list><license-key-group><version>1.0</version><name>Placeholder LKG</name><description>tbd</description><type>Universal</type><license-key-group-invariant-uuid>B2C068E3F2A846D8B345D8B22D573A06</license-key-group-invariant-uuid><license-key-group-uuid>4bd13e43-446f-4962-9abd-b7725425acfc</license-key-group-uuid><operational-scope><value>VM</value></operational-scope></license-key-group></license-key-group-list></vendor-license-model>