<model xmlns="http://org.openecomp.aai.inventory/v10">
    <model-invariant-id>c54c1178-ab4b-498c-aea0-52cc2043d44f</model-invariant-id>
    <model-type>service</model-type>
    <model-vers>
        <model-ver>
            <model-version-id>a1531622-4e08-43fa-9ffd-222090cab7d2</model-version-id>
            <model-name>mdns_2017_1011_IST_Service</model-name>
            <model-version>5.0</model-version>
            <model-description>mdns_2017_1011_IST_Service -Creating Service for PID 298109a</model-description>
            <model-elements>
                <model-element>
                    <new-data-del-flag>T</new-data-del-flag>
                    <cardinality>unbounded</cardinality>
                    <model-elements>
                        <model-element>
                            <new-data-del-flag>T</new-data-del-flag>
                            <cardinality>unbounded</cardinality>
                            <model-elements/>
                            <relationship-list>
                                <relationship>
                                    <related-to>model-ver</related-to>
                                    <relationship-data>
                                        <relationship-key>model-ver.model-version-id</relationship-key>
                                        <relationship-value>e54ac8ab-746b-494d-918a-efab23a50e0d</relationship-value>
                                    </relationship-data>
                                    <relationship-data>
                                        <relationship-key>model.model-invariant-id</relationship-key>
                                        <relationship-value>b22715a2-4ec1-4e2f-bf4f-d79fa9519707</relationship-value>
                                    </relationship-data>
                                </relationship>
                            </relationship-list>
                        </model-element>
                    </model-elements>
                    <relationship-list>
                        <relationship>
                            <related-to>model-ver</related-to>
                            <relationship-data>
                                <relationship-key>model-ver.model-version-id</relationship-key>
                                <relationship-value>46b92144-923a-4d20-b85a-3cbd847668a9</relationship-value>
                            </relationship-data>
                            <relationship-data>
                                <relationship-key>model.model-invariant-id</relationship-key>
                                <relationship-value>82194af1-3c2c-485a-8f44-420e22a9eaa4</relationship-value>
                            </relationship-data>
                        </relationship>
                    </relationship-list>
                </model-element>
            </model-elements>
        </model-ver>
    </model-vers>
</model>