[
  {
    "vfModuleModelName": "Vsp1710pid298109Vmmsc..base_mmsc..module-0",
    "vfModuleModelInvariantUUID": "f0a189fa-8430-4ebf-9810-087969e2c076",
    "vfModuleModelVersion": "1",
    "vfModuleModelUUID": "68f2b00e-3a5f-4ae8-8ed2-c663bc819d40",
    "vfModuleModelCustomizationUUID": "8c2cd4aa-d0d4-4e73-9d7e-b2be0c31b068",
    "isBase": true,
    "artifacts": [
      "851beb12-b55d-46dd-8c0f-d9af51146b74",
      "1f5426e5-ec56-4095-b63c-3634c08865d9"
    ],
    "properties": {
      "min_vf_module_instances": "1",
      "vf_module_label": "base_mmsc",
      "max_vf_module_instances": "1",
      "vfc_list": "",
      "vf_module_description": "",
      "vf_module_type": "Base",
      "availability_zone_count": "",
      "volume_group": "false",
      "initial_count": "1"
    }
  },
  {
    "vfModuleModelName": "Vsp1710pid298109Vmmsc..mmsc_mod8_sim..module-1",
    "vfModuleModelInvariantUUID": "e4010fd3-48ad-4c21-ad79-7229ecd4a472",
    "vfModuleModelVersion": "1",
    "vfModuleModelUUID": "f9a26e47-d5e5-43ed-bdea-9295e220dae5",
    "vfModuleModelCustomizationUUID": "384151ce-13b7-46b5-a6f9-e1117ea3c8dc",
    "isBase": false,
    "artifacts": [
      "458e1ed6-0cfd-437b-b279-b21459d8a63c",
      "bf60de3e-82da-4a49-b4d3-e8a4a1d91201"
    ],
    "properties": {
      "min_vf_module_instances": "0",
      "vf_module_label": "mmsc_mod8_sim",
      "max_vf_module_instances": "",
      "vfc_list": "",
      "vf_module_description": "",
      "vf_module_type": "Expansion",
      "availability_zone_count": "",
      "volume_group": "false",
      "initial_count": "0"
    }
  },
  {
    "vfModuleModelName": "Vsp1710pid298109Vmmsc..mmsc_mod7_cmaui..module-2",
    "vfModuleModelInvariantUUID": "4b7db1e7-d7d0-48bf-873b-4eedad204851",
    "vfModuleModelVersion": "1",
    "vfModuleModelUUID": "a35d7221-61a4-40b1-beef-184f7ec9e869",
    "vfModuleModelCustomizationUUID": "fba6b968-ff98-4702-8d4a-2a36933a214c",
    "isBase": false,
    "artifacts": [
      "297119d6-0b5d-42ff-81c8-62d84f3404be",
      "9176403b-a2ef-4443-8ef9-658a71ab9a5e",
      "0078f2bc-32f0-4e38-98fa-aef5f0d5f287",
      "cf1cf0ed-fa89-4d35-9cdb-3b1a006b7269"
    ],
    "properties": {
      "min_vf_module_instances": "0",
      "vf_module_label": "mmsc_mod7_cmaui",
      "max_vf_module_instances": "",
      "vfc_list": "",
      "vf_module_description": "",
      "vf_module_type": "Expansion",
      "availability_zone_count": "",
      "volume_group": "true",
      "initial_count": "0"
    }
  },
  {
    "vfModuleModelName": "Vsp1710pid298109Vmmsc..mmsc_mod6_eca_oam..module-3",
    "vfModuleModelInvariantUUID": "6931e88a-fbcc-4ca9-8583-876b669c3106",
    "vfModuleModelVersion": "1",
    "vfModuleModelUUID": "13f022c4-651e-4326-b8e1-61e9a8c7a7ad",
    "vfModuleModelCustomizationUUID": "020af091-cc66-46db-876c-02f14b4a795f",
    "isBase": false,
    "artifacts": [
      "6a1d9481-01a8-4c40-83b5-b21541bdbd5f",
      "abea58fe-51e3-47b5-b05a-485fc61e66ad",
      "fcb2976c-f91c-48ad-951c-6d359342a791",
      "5cb58ee9-2bc8-4078-8c16-bbb26b60c24c"
    ],
    "properties": {
      "min_vf_module_instances": "0",
      "vf_module_label": "mmsc_mod6_eca_oam",
      "max_vf_module_instances": "",
      "vfc_list": "",
      "vf_module_description": "",
      "vf_module_type": "Expansion",
      "availability_zone_count": "",
      "volume_group": "true",
      "initial_count": "0"
    }
  },
  {
    "vfModuleModelName": "Vsp1710pid298109Vmmsc..mmsc_mod5_trx..module-4",
    "vfModuleModelInvariantUUID": "e880b285-6ddc-4da8-b2ef-2d8897ff162f",
    "vfModuleModelVersion": "1",
    "vfModuleModelUUID": "e165ed7f-792f-4f4e-8bb4-4647683cc620",
    "vfModuleModelCustomizationUUID": "3fe5dc7f-7b70-47d2-ad59-0348e604fc1c",
    "isBase": false,
    "artifacts": [
      "8be2f1bf-bbaf-49ef-9f72-225eab59b20e",
      "ef0e5c65-054f-457d-a2ba-1a7995d6ab74"
    ],
    "properties": {
      "min_vf_module_instances": "0",
      "vf_module_label": "mmsc_mod5_trx",
      "max_vf_module_instances": "",
      "vfc_list": "",
      "vf_module_description": "",
      "vf_module_type": "Expansion",
      "availability_zone_count": "",
      "volume_group": "false",
      "initial_count": "0"
    }
  },
  {
    "vfModuleModelName": "Vsp1710pid298109Vmmsc..mmsc_mod4_nemsbe..module-5",
    "vfModuleModelInvariantUUID": "97258226-eb1c-45c5-a52c-0ada5dec96d0",
    "vfModuleModelVersion": "1",
    "vfModuleModelUUID": "cc268862-545b-4069-8f32-8bf04eb11b4c",
    "vfModuleModelCustomizationUUID": "738a17a0-0cce-47c1-9265-19b9c9b7b337",
    "isBase": false,
    "artifacts": [
      "aeeeb500-7839-4787-a476-c2ed519232fd",
      "95aa1e47-f4d7-4578-896e-5b3022fc0256",
      "ea9a6e1e-74dc-4248-a2da-c1bf63a7d6f6",
      "487ea355-4170-47bd-ae6e-aef876f7caf9"
    ],
    "properties": {
      "min_vf_module_instances": "0",
      "vf_module_label": "mmsc_mod4_nemsbe",
      "max_vf_module_instances": "",
      "vfc_list": "",
      "vf_module_description": "",
      "vf_module_type": "Expansion",
      "availability_zone_count": "",
      "volume_group": "true",
      "initial_count": "0"
    }
  },
  {
    "vfModuleModelName": "Vsp1710pid298109Vmmsc..mmsc_mod3_nemsfe..module-6",
    "vfModuleModelInvariantUUID": "202de332-bf21-4352-9495-c43a3d00eff5",
    "vfModuleModelVersion": "1",
    "vfModuleModelUUID": "4a80316a-9d13-4a25-a6c8-302f55b1c007",
    "vfModuleModelCustomizationUUID": "cb03a714-44cf-453b-b770-15759ad59fdc",
    "isBase": false,
    "artifacts": [
      "12c85916-7df2-4e66-8f33-c898c7830309",
      "f04024a3-0b54-4dcb-a061-ef10667e6452",
      "82d0addf-c99e-47ae-8679-1bca193ca9a4",
      "8cf9cbc0-87cb-4886-9c89-37755381181f",
      "2509b7a5-1388-4e69-b094-471b9e2868d9"
    ],
    "properties": {
      "min_vf_module_instances": "0",
      "vf_module_label": "mmsc_mod3_nemsfe",
      "max_vf_module_instances": "",
      "vfc_list": "",
      "vf_module_description": "",
      "vf_module_type": "Expansion",
      "availability_zone_count": "",
      "volume_group": "true",
      "initial_count": "0"
    }
  },
  {
    "vfModuleModelName": "Vsp1710pid298109Vmmsc..mmsc_mod2_mmsc..module-7",
    "vfModuleModelInvariantUUID": "fe5f2f4a-4354-4066-ab0e-e6ff5ff72879",
    "vfModuleModelVersion": "1",
    "vfModuleModelUUID": "bc89aa27-991d-48b3-a9aa-6d79519a49df",
    "vfModuleModelCustomizationUUID": "14557f34-7115-4f28-95a4-d6427060d2e9",
    "isBase": false,
    "artifacts": [
      "a78590f8-b5c8-4a28-819d-afdeec585040",
      "ed02cc60-a3e4-46cc-971e-1668b9e531a6",
      "132d98ac-78f2-4b49-8c0e-ead76d7dcaf8",
      "7b222d49-a17f-4794-8879-d2bc3c3df75d",
      "a6fdf925-68dc-4479-b5a4-26d7e9344fe6"
    ],
    "properties": {
      "min_vf_module_instances": "0",
      "vf_module_label": "mmsc_mod2_mmsc",
      "max_vf_module_instances": "",
      "vfc_list": "",
      "vf_module_description": "",
      "vf_module_type": "Expansion",
      "availability_zone_count": "",
      "volume_group": "true",
      "initial_count": "0"
    }
  },
  {
    "vfModuleModelName": "Vsp1710pid298109Vmmsc..mmsc_mod1_ltm..module-8",
    "vfModuleModelInvariantUUID": "d9f9c851-9543-476e-b3c2-a2e5284a26aa",
    "vfModuleModelVersion": "1",
    "vfModuleModelUUID": "d205e01d-e5da-4e68-8c52-f95cb0607959",
    "vfModuleModelCustomizationUUID": "e81b58ce-ae9b-4bde-9f81-9962a5007756",
    "isBase": false,
    "artifacts": [
      "6d496a0f-c9d6-43ca-8864-cf484944855c",
      "d03df78a-826b-43bd-a376-612a0231027c"
    ],
    "properties": {
      "min_vf_module_instances": "0",
      "vf_module_label": "mmsc_mod1_ltm",
      "max_vf_module_instances": "",
      "vfc_list": "",
      "vf_module_description": "",
      "vf_module_type": "Expansion",
      "availability_zone_count": "",
      "volume_group": "false",
      "initial_count": "0"
    }
  }
]