[
  {
    "vfModuleModelName": "Vocg1804Vf..base_ocg..module-0",
    "vfModuleModelInvariantUUID": "e9c795c8-6b98-4db3-bd90-a84b8ca5181b",
    "vfModuleModelVersion": "4",
    "vfModuleModelUUID": "815db6e5-bdfd-4cb6-9575-82c36df8747a",
    "vfModuleModelCustomizationUUID": "a7b333d7-7633-4197-b40d-80fcfcadee94",
    "isBase": true,
    "artifacts": [
      "2f8852a3-3534-43b0-99b6-47d20200086c",
      "3be77829-543c-4da5-9e47-86076ae34063"
    ],
    "properties": {
      "min_vf_module_instances": "1",
      "vf_module_label": "base_ocg",
      "max_vf_module_instances": "1",
      "vfc_list": "",
      "vf_module_description": "",
      "vf_module_type": "Base",
      "availability_zone_count": "",
      "volume_group": "false",
      "initial_count": "1"
    }
  },
  {
    "vfModuleModelName": "Vocg1804Vf..ocgmgr..module-1",
    "vfModuleModelInvariantUUID": "0ad14d60-98b6-4575-a9b8-458a796c3f98",
    "vfModuleModelVersion": "4",
    "vfModuleModelUUID": "9c219e70-1177-494b-8977-1395c9f9168c",
    "vfModuleModelCustomizationUUID": "f332f3ce-434d-4084-a1e7-5261c16d4940",
    "isBase": false,
    "artifacts": [
      "37060056-4cd7-4d95-b754-f911817a95b6",
      "a738b98c-7ea4-4e81-ab03-45a6e55aed76",
      "32fc366e-99b2-4baf-b3de-a8ab04ea0f4b",
      "7f31b579-9078-4c69-bcbc-adad35f5aa8d",
      "15283819-ffee-405b-944a-16661a549f75",
      "4d1f111f-845e-48d8-99c5-bed5f29dff50",
      "e0e9e61e-c028-44ee-aebf-1996ac5d0e0a"
    ],
    "properties": {
      "min_vf_module_instances": "0",
      "vf_module_label": "ocgmgr",
      "max_vf_module_instances": "",
      "vfc_list": "",
      "vf_module_description": "",
      "vf_module_type": "Expansion",
      "availability_zone_count": "",
      "volume_group": "true",
      "initial_count": "0"
    }
  },
  {
    "vfModuleModelName": "Vocg1804Vf..ocgapp_002..module-10",
    "vfModuleModelInvariantUUID": "0126bcf8-6a11-428c-906b-5b2d4f6aa17a",
    "vfModuleModelVersion": "2",
    "vfModuleModelUUID": "0c0df4e4-36f9-4d7d-95de-7b8907a64a6e",
    "vfModuleModelCustomizationUUID": "d82d647b-ed2a-4370-80a1-3eced0c812ed",
    "isBase": false,
    "artifacts": [
      "52f716a7-fc0c-4c51-a658-82dd0e5df741",
      "d6763d4b-7caf-4647-a5ef-e61a88d38b60",
      "3a68402f-5534-47ca-adb4-32caa6e86b49",
      "8bdf3754-dc91-4ab2-8133-9a10cd0a66ba",
      "96d9babd-eda5-4dac-b8fd-39acefd5ceeb"
    ],
    "properties": {
      "min_vf_module_instances": "0",
      "vf_module_label": "ocgapp_002",
      "max_vf_module_instances": "",
      "vfc_list": "",
      "vf_module_description": "",
      "vf_module_type": "Expansion",
      "availability_zone_count": "",
      "volume_group": "true",
      "initial_count": "0"
    }
  },
  {
    "vfModuleModelName": "Vocg1804Vf..ocgapp_004..module-11",
    "vfModuleModelInvariantUUID": "d4a5d266-e867-4171-8e2b-8fc99223d938",
    "vfModuleModelVersion": "2",
    "vfModuleModelUUID": "da10c7fe-cf81-441c-9694-4e9ddf2054d8",
    "vfModuleModelCustomizationUUID": "e4feeba0-1d6f-49e3-ae7c-cba83d479b51",
    "isBase": false,
    "artifacts": [
      "d6763d4b-7caf-4647-a5ef-e61a88d38b60",
      "d07fd79b-6451-4f47-b326-3c67a4362442",
      "8a2d8998-dc5a-42ad-8c01-4cfb7323cb23",
      "4db9fc03-cee5-460b-a2d7-fceaff1f914f",
      "fd2eade5-f805-4a59-beda-7901fa1c472c"
    ],
    "properties": {
      "min_vf_module_instances": "0",
      "vf_module_label": "ocgapp_004",
      "max_vf_module_instances": "",
      "vfc_list": "",
      "vf_module_description": "",
      "vf_module_type": "Expansion",
      "availability_zone_count": "",
      "volume_group": "true",
      "initial_count": "0"
    }
  },
  {
    "vfModuleModelName": "Vocg1804Vf..ocgapp_001..module-12",
    "vfModuleModelInvariantUUID": "e3cb8b85-7a3c-4897-b20b-70640c26d671",
    "vfModuleModelVersion": "2",
    "vfModuleModelUUID": "b601eef4-62fd-4201-a788-ae30e06a1aec",
    "vfModuleModelCustomizationUUID": "fcc82961-865e-4d38-9c7a-207c511405b6",
    "isBase": false,
    "artifacts": [
      "d6763d4b-7caf-4647-a5ef-e61a88d38b60",
      "fb830a56-e047-485f-8c10-de787b476f1e",
      "efac6e41-409c-4cf5-aa40-0f30fae53a57",
      "9f727497-b34d-4c12-9530-b1cef3546d16",
      "c8c7d04c-64b4-4553-b816-c1d51d4c633f"
    ],
    "properties": {
      "min_vf_module_instances": "0",
      "vf_module_label": "ocgapp_001",
      "max_vf_module_instances": "",
      "vfc_list": "",
      "vf_module_description": "",
      "vf_module_type": "Expansion",
      "availability_zone_count": "",
      "volume_group": "true",
      "initial_count": "0"
    }
  },
  {
    "vfModuleModelName": "Vocg1804Vf..ocgapp_003..module-13",
    "vfModuleModelInvariantUUID": "a955ef78-2d06-43d1-b05d-73915310816e",
    "vfModuleModelVersion": "2",
    "vfModuleModelUUID": "6675e0c2-a8fe-49a8-a511-444c663bd0d4",
    "vfModuleModelCustomizationUUID": "a550f6ca-079a-4c66-ae36-126a189ad175",
    "isBase": false,
    "artifacts": [
      "d6763d4b-7caf-4647-a5ef-e61a88d38b60",
      "161dbf98-fda6-46af-bbe0-196c91004f33",
      "25649c47-fedb-43ab-969b-f0d1e29b3045",
      "d4ac8147-e5ba-4951-a383-67c0ffcb6c7d",
      "4a0403f4-d0f4-4c70-96ce-7201e24e60f6"
    ],
    "properties": {
      "min_vf_module_instances": "0",
      "vf_module_label": "ocgapp_003",
      "max_vf_module_instances": "",
      "vfc_list": "",
      "vf_module_description": "",
      "vf_module_type": "Expansion",
      "availability_zone_count": "",
      "volume_group": "true",
      "initial_count": "0"
    }
  }
]