<model xmlns="http://org.openecomp.aai.inventory/v10">
    <model-invariant-id>3d89efc0-19ca-4df7-9818-028e1fc6f708</model-invariant-id>
    <model-type>service</model-type>
    <model-vers>
        <model-ver>
            <model-version-id>55a48870-d99e-41a8-a3b4-a8d748333139</model-version-id>
            <model-name>AMP PH SVC</model-name>
            <model-version>1.0</model-version>
            <model-description>Automation Management Platform (AMPL) Pronghorn middleware layer and associated database. MOTS is 23870.</model-description>
            <model-elements>
                <model-element>
                    <new-data-del-flag>T</new-data-del-flag>
                    <cardinality>unbounded</cardinality>
                    <model-elements>
                        <model-element>
                            <new-data-del-flag>T</new-data-del-flag>
                            <cardinality>unbounded</cardinality>
                            <model-elements/>
                            <relationship-list>
                                <relationship>
                                    <related-to>model-ver</related-to>
                                    <relationship-data>
                                        <relationship-key>model-ver.model-version-id</relationship-key>
                                        <relationship-value>97657a2d-6512-4113-abc3-2b8795d4d0c9</relationship-value>
                                    </relationship-data>
                                    <relationship-data>
                                        <relationship-key>model.model-invariant-id</relationship-key>
                                        <relationship-value>0b5c3343-8c78-4bbd-a658-803a195b2dd2</relationship-value>
                                    </relationship-data>
                                </relationship>
                            </relationship-list>
                        </model-element>
                    </model-elements>
                    <relationship-list>
                        <relationship>
                            <related-to>model-ver</related-to>
                            <relationship-data>
                                <relationship-key>model-ver.model-version-id</relationship-key>
                                <relationship-value>46b92144-923a-4d20-b85a-3cbd847668a9</relationship-value>
                            </relationship-data>
                            <relationship-data>
                                <relationship-key>model.model-invariant-id</relationship-key>
                                <relationship-value>82194af1-3c2c-485a-8f44-420e22a9eaa4</relationship-value>
                            </relationship-data>
                        </relationship>
                    </relationship-list>
                </model-element>
            </model-elements>
        </model-ver>
    </model-vers>
</model>