[
  {
    "vfModuleModelName": "2017488AdiodVpe..ADIOD_base_vPE_BV..module-0",
    "vfModuleModelInvariantUUID": "b34833bb-6aa9-4ad6-a831-70b06367a091",
    "vfModuleModelVersion": "6",
    "vfModuleModelUUID": "040e591e-5d30-4e0d-850f-7266e5a8e013",
    "vfModuleModelCustomizationUUID": "5c5f91f9-5e31-4120-b892-5536587ec258",
    "isBase": true,
    "artifacts": [
      "7cdaa5a3-1b15-412e-96c5-0cbbfb8d466f",
      "e0d2a28e-8ce4-46a5-93b1-432eb04ddb9e"
    ],
    "properties": {
      "min_vf_module_instances": "1",
      "vf_module_label": "ADIOD_base_vPE_BV",
      "max_vf_module_instances": "1",
      "vfc_list": "",
      "vf_module_description": "",
      "vf_module_type": "Base",
      "availability_zone_count": "",
      "volume_group": "false",
      "initial_count": "1"
    }
  },
  {
    "vfModuleModelName": "2017488AdiodVpe..ADIOD_vRE_BV..module-1",
    "vfModuleModelInvariantUUID": "7253ff5c-97f0-4b8b-937c-77aeb4d79aa1",
    "vfModuleModelVersion": "8",
    "vfModuleModelUUID": "a5d8df05-11cb-4351-96e0-b6d4168ea4df",
    "vfModuleModelCustomizationUUID": "f3d97417-0c8d-424e-8ff7-b2eb4fbcecc3",
    "isBase": false,
    "artifacts": [
      "54a5d348-ab62-46bc-b27e-bd671f052e72",
      "0e992156-adb1-4e65-958a-b7964b48c351",
      "023831c4-f251-4837-8114-66d54ad21fff",
      "4d9bc92d-bade-4db4-9d9d-4ebe0ef33daf",
      "32368b94-3281-459c-9eaf-c2a59611dabb"
    ],
    "properties": {
      "min_vf_module_instances": "0",
      "vf_module_label": "ADIOD_vRE_BV",
      "max_vf_module_instances": "",
      "vfc_list": "",
      "vf_module_description": "",
      "vf_module_type": "Expansion",
      "availability_zone_count": "",
      "volume_group": "true",
      "initial_count": "0"
    }
  },
  {
    "vfModuleModelName": "2017488AdiodVpe..ADIOD_vPFE_BV..module-2",
    "vfModuleModelInvariantUUID": "eff8cc59-53a1-4101-aed7-8cf24ecf8339",
    "vfModuleModelVersion": "8",
    "vfModuleModelUUID": "b3e8b26e-cff0-49fc-a4e6-f3e16c8440fe",
    "vfModuleModelCustomizationUUID": "6e410843-257c-46d9-ba8a-8d94e1362452",
    "isBase": false,
    "artifacts": [
      "c37f2592-8c34-487c-ba61-f43c8f8df404",
      "7b1b06aa-5ef0-4436-99fc-cc89c3707ce6",
      "b648e1f7-0352-43bb-8dd7-98dad0312911",
      "18cd4c4d-065c-41bd-aa80-8ebc8732f006"
    ],
    "properties": {
      "min_vf_module_instances": "0",
      "vf_module_label": "ADIOD_vPFE_BV",
      "max_vf_module_instances": "",
      "vfc_list": "",
      "vf_module_description": "",
      "vf_module_type": "Expansion",
      "availability_zone_count": "",
      "volume_group": "true",
      "initial_count": "0"
    }
  }
]