<model xmlns="http://org.openecomp.aai.inventory/v10">
    <model-invariant-id>a8dcd72d-d44d-44f2-aa85-53aa9ca0c657</model-invariant-id>
    <model-type>service</model-type>
    <model-vers>
        <model-ver>
            <model-version-id>aa2f8e9c-9e47-4b15-a95c-4a93855ac61b</model-version-id>
            <model-name>ServicevMMSCPID298109</model-name>
            <model-version>4.0</model-version>
            <model-description>ServicevMMSCPID298109</model-description>
            <model-elements>
                <model-element>
                    <new-data-del-flag>T</new-data-del-flag>
                    <cardinality>unbounded</cardinality>
                    <model-elements>
                        <model-element>
                            <new-data-del-flag>T</new-data-del-flag>
                            <cardinality>unbounded</cardinality>
                            <model-elements/>
                            <relationship-list>
                                <relationship>
                                    <related-to>model-ver</related-to>
                                    <relationship-data>
                                        <relationship-key>model-ver.model-version-id</relationship-key>
                                        <relationship-value>959a7ba0-89ee-4984-9af6-65d5bdda4b0e</relationship-value>
                                    </relationship-data>
                                    <relationship-data>
                                        <relationship-key>model.model-invariant-id</relationship-key>
                                        <relationship-value>e7961100-cde6-4b5a-bcda-b8945086950a</relationship-value>
                                    </relationship-data>
                                </relationship>
                            </relationship-list>
                        </model-element>
                    </model-elements>
                    <relationship-list>
                        <relationship>
                            <related-to>model-ver</related-to>
                            <relationship-data>
                                <relationship-key>model-ver.model-version-id</relationship-key>
                                <relationship-value>46b92144-923a-4d20-b85a-3cbd847668a9</relationship-value>
                            </relationship-data>
                            <relationship-data>
                                <relationship-key>model.model-invariant-id</relationship-key>
                                <relationship-value>82194af1-3c2c-485a-8f44-420e22a9eaa4</relationship-value>
                            </relationship-data>
                        </relationship>
                    </relationship-list>
                </model-element>
            </model-elements>
        </model-ver>
    </model-vers>
</model>