<vf-license-model xmlns="http://xmlns.openecomp.org/asdc/license-model/1.0"><vendor-name>141_vCPM-05-05-17</vendor-name><vf-id>F618BEAB2AE04BF1B30BAB588B2B8345</vf-id><feature-group-list><feature-group><entitlement-pool-list><entitlement-pool><name>141_vCPM-05-05-17-3</name><description>141_vCPM-05-05-17-3</description><increments>1</increments><manufacturer-reference-number>1</manufacturer-reference-number><entitlement-pool-uuid>84B4F51053A74E6E9A6966383F4D02B6</entitlement-pool-uuid><threshold-value><unit>Percentage</unit><value>25</value></threshold-value><entitlement-metric><value>Trunks</value></entitlement-metric><time><value>Month</value></time><aggregation-function><value>Average</value></aggregation-function><operational-scope><value>Availability_Zone</value></operational-scope></entitlement-pool></entitlement-pool-list><license-key-group-list><license-key-group><name>141_vCPM-05-05-17-4</name><description>141_vCPM-05-05-17-4</description><type>Unique</type><license-key-group-uuid>656C717D6549476280BA76B198A05B8E</license-key-group-uuid><operational-scope><value>Network_Wide</value></operational-scope></license-key-group></license-key-group-list><name>141_vCPM-05-05-17-2</name><description>141_vCPM-05-05-17-2</description><part-number>987684</part-number><feature-group-uuid>767B38644527472BACB3852B52983E20</feature-group-uuid></feature-group></feature-group-list></vf-license-model>