<vendor-license-model xmlns="http://xmlns.openecomp.org/asdc/license-model/1.0"><vendor-name>VLM_vMee</vendor-name><entitlement-pool-list><entitlement-pool><entitlement-pool-invariant-uuid>9d4888ecf5e84bb395fd8e6da8bd54d3</entitlement-pool-invariant-uuid><entitlement-pool-uuid>E67612BE208647F99CA53180444335CE</entitlement-pool-uuid><version>1.0</version><name>EP_vMee</name><description>EP_vMee</description><increments>1</increments><start-date>09/25/2017T00:00:00Z</start-date><expiry-date>08/31/2018T23:59:59Z</expiry-date><manufacturer-reference-number>123456</manufacturer-reference-number><threshold-value><unit>Percentage</unit><value>90</value></threshold-value><sp-limits/><vendor-limits/><operational-scope><value>Network_Wide</value><value>Data_Center</value><value>Availability_Zone</value></operational-scope></entitlement-pool></entitlement-pool-list><license-key-group-list><license-key-group><version>1.0</version><name>LKP_vMee</name><description>LKP_vMee</description><type>Universal</type><increments>1</increments><manufacturerReferenceNumber>123456</manufacturerReferenceNumber><license-key-group-invariant-uuid>6cd3bf1622214d3c92fe14f3295bd311</license-key-group-invariant-uuid><license-key-group-uuid>5833EF35312246DFBFBBC139ED317A1F</license-key-group-uuid><start-date>09/25/2017T00:00:00Z</start-date><expiry-date>12/31/2017T23:59:59Z</expiry-date><threshold-value><unit>Percentage</unit><value>90</value></threshold-value><sp-limits/><vendor-limits/><operational-scope><value>Network_Wide</value><value>Data_Center</value></operational-scope></license-key-group></license-key-group-list></vendor-license-model>