[
  {
    "vfModuleModelName": "VidPcrf051517..pcrf_base_template_v3_0..module-0",
    "vfModuleModelInvariantUUID": "df35ebf5-880b-4052-b4dc-5fbf38a423ca",
    "vfModuleModelVersion": "1",
    "vfModuleModelUUID": "bbf63386-42ec-4cae-a6a1-a8dade4e09e1",
    "vfModuleModelCustomizationUUID": "55df85a3-529b-43bd-8053-4bf449b95012",
    "isBase": true,
    "artifacts": [
      "ac450c74-8285-4b19-bb1b-b9b931d5fcf5",
      "95d4f18f-9b08-45dc-9772-ea4204c0af01"
    ],
    "properties": {
      "min_vf_module_instances": "1",
      "vf_module_label": "pcrf_base_template_v3_0",
      "max_vf_module_instances": "1",
      "vfc_list": "",
      "vf_module_description": "",
      "vf_module_type": "Base",
      "availability_zone_count": "",
      "volume_group": "false",
      "initial_count": "1"
    }
  },
  {
    "vfModuleModelName": "VidPcrf051517..pcrf_nimbus_psm..module-1",
    "vfModuleModelInvariantUUID": "b3ae6092-1973-495b-9cae-5813679da421",
    "vfModuleModelVersion": "1",
    "vfModuleModelUUID": "e018151b-6c29-496b-92de-cd22671651d7",
    "vfModuleModelCustomizationUUID": "a23c3546-497b-4f5b-b7c5-d7abb8b43264",
    "isBase": false,
    "artifacts": [
      "aa04b116-6a1a-41ae-97fe-9143a29ec24c",
      "c6315135-d116-4f31-bf88-e05b77031a42",
      "d6dac650-b2c8-4233-a50e-c4cba8127dfa",
      "f834d1f8-0b8a-4da7-930d-ca3126b3deb6"
    ],
    "properties": {
      "min_vf_module_instances": "0",
      "vf_module_label": "pcrf_nimbus_psm",
      "max_vf_module_instances": "",
      "vfc_list": "",
      "vf_module_description": "",
      "vf_module_type": "Expansion",
      "availability_zone_count": "",
      "volume_group": "false",
      "initial_count": "0"
    }
  },
  {
    "vfModuleModelName": "VidPcrf051517..pcrf_nimbus_pps..module-2",
    "vfModuleModelInvariantUUID": "a8faba2f-1f83-4206-9818-d0bc7321753b",
    "vfModuleModelVersion": "1",
    "vfModuleModelUUID": "4bfd0a7f-fc43-4130-87be-fabf513b1ff9",
    "vfModuleModelCustomizationUUID": "ad30c248-3660-4e95-be66-781477bd09c9",
    "isBase": false,
    "artifacts": [
      "c6315135-d116-4f31-bf88-e05b77031a42",
      "d6dac650-b2c8-4233-a50e-c4cba8127dfa",
      "bf839dc5-957b-4e83-89c8-15d6e6311cbd",
      "19b07c21-55f0-41ec-947c-989d0cd27476"
    ],
    "properties": {
      "min_vf_module_instances": "0",
      "vf_module_label": "pcrf_nimbus_pps",
      "max_vf_module_instances": "",
      "vfc_list": "",
      "vf_module_description": "",
      "vf_module_type": "Expansion",
      "availability_zone_count": "",
      "volume_group": "false",
      "initial_count": "0"
    }
  },
  {
    "vfModuleModelName": "VidPcrf051517..pcrf_nimbus_ppd..module-3",
    "vfModuleModelInvariantUUID": "7e2402f7-411d-4978-b92c-680d426d4dd0",
    "vfModuleModelVersion": "1",
    "vfModuleModelUUID": "0755192a-fd92-45f9-b531-7b257c1a5552",
    "vfModuleModelCustomizationUUID": "fa75d381-8e7f-4136-a97c-631c5ee6f734",
    "isBase": false,
    "artifacts": [
      "606b6516-c298-4bc3-83ed-8bf2f39861a0",
      "1c983918-525e-4f05-b4d0-8ee211faee33",
      "c6315135-d116-4f31-bf88-e05b77031a42",
      "d6dac650-b2c8-4233-a50e-c4cba8127dfa",
      "dcab112e-f58a-4957-9822-eed5e89d3d4d"
    ],
    "properties": {
      "min_vf_module_instances": "0",
      "vf_module_label": "pcrf_nimbus_ppd",
      "max_vf_module_instances": "",
      "vfc_list": "",
      "vf_module_description": "",
      "vf_module_type": "Expansion",
      "availability_zone_count": "",
      "volume_group": "false",
      "initial_count": "0"
    }
  },
  {
    "vfModuleModelName": "VidPcrf051517..pcrf_nimbus_pcm..module-4",
    "vfModuleModelInvariantUUID": "eb5a1e09-7f46-4f1c-ab7a-b017bad95261",
    "vfModuleModelVersion": "1",
    "vfModuleModelUUID": "fa1c8558-006c-4fb6-82f2-4fc0646d6b06",
    "vfModuleModelCustomizationUUID": "94f279f3-88c2-477e-9467-f323dea350cb",
    "isBase": false,
    "artifacts": [
      "6f8c8e14-ebe3-4bb7-b342-d748403f11c3",
      "1c983918-525e-4f05-b4d0-8ee211faee33",
      "c6315135-d116-4f31-bf88-e05b77031a42",
      "de1e3bed-fa52-4955-8086-a84c60d0ea01",
      "81818233-0922-4ca7-b2fd-e523e041dfa2",
      "74ef884e-bcae-492b-a144-bad3c972ec84",
      "d6dac650-b2c8-4233-a50e-c4cba8127dfa",
      "908eaa22-979b-49b0-bbd6-299a5fbe292b",
      "e00fe323-c184-44b2-bebd-01ad851c375d"
    ],
    "properties": {
      "min_vf_module_instances": "0",
      "vf_module_label": "pcrf_nimbus_pcm",
      "max_vf_module_instances": "",
      "vfc_list": "",
      "vf_module_description": "",
      "vf_module_type": "Expansion",
      "availability_zone_count": "",
      "volume_group": "true",
      "initial_count": "0"
    }
  },
  {
    "vfModuleModelName": "VidPcrf051517..pcrf_nimbus_oam..module-5",
    "vfModuleModelInvariantUUID": "2fb28e79-e6f2-4cdd-832d-f191244207e5",
    "vfModuleModelVersion": "1",
    "vfModuleModelUUID": "04854ad3-6b53-4f04-a14a-6f68a839b62c",
    "vfModuleModelCustomizationUUID": "28777bd8-d5e2-4af7-8fb9-a88b336e887b",
    "isBase": false,
    "artifacts": [
      "1c983918-525e-4f05-b4d0-8ee211faee33",
      "c6315135-d116-4f31-bf88-e05b77031a42",
      "5f3b81a3-bd0c-4df0-9189-d54db79c3720",
      "9fe26bf4-1482-465e-a733-53e914f2d9b3",
      "d6dac650-b2c8-4233-a50e-c4cba8127dfa",
      "ee552c72-dd4c-4568-bc92-41acf66da2e8",
      "6d097c65-44b2-48ca-9f1f-5860d1188f6b"
    ],
    "properties": {
      "min_vf_module_instances": "0",
      "vf_module_label": "pcrf_nimbus_oam",
      "max_vf_module_instances": "",
      "vfc_list": "",
      "vf_module_description": "",
      "vf_module_type": "Expansion",
      "availability_zone_count": "",
      "volume_group": "true",
      "initial_count": "0"
    }
  }
]