<vf-license-model xmlns="http://xmlns.openecomp.org/asdc/license-model/1.0"><vendor-name>ATT</vendor-name><vf-id>a62cd30711f444c0add2df64c6996622</vf-id><feature-group-list><feature-group><entitlement-pool-list><entitlement-pool><name>Placeholder EP</name><description>tbd</description><increments>200</increments><manufacturer-reference-number>tbd</manufacturer-reference-number><entitlement-pool-uuid>0a52812a-aa2f-4cd2-a544-581b3d7fcd73</entitlement-pool-uuid><threshold-value><unit>Absolute</unit><value>1000</value></threshold-value><entitlement-metric><value>CPU</value></entitlement-metric><time><value>Month</value></time><aggregation-function><value>Average</value></aggregation-function><operational-scope><value>VM</value></operational-scope></entitlement-pool></entitlement-pool-list><license-key-group-list><license-key-group><name>Placeholder LKG</name><description>tbd</description><type>Universal</type><license-key-group-uuid>306b44d3-3b0f-45c5-8bac-6a7a5841097d</license-key-group-uuid><operational-scope><value>VM</value></operational-scope></license-key-group></license-key-group-list><name>Placeholder FG</name><part-number>tbd</part-number><feature-group-uuid>B9044104387145279233705A9334EEC8</feature-group-uuid><description>tbd</description></feature-group></feature-group-list></vf-license-model>