<vf-license-model xmlns="http://xmlns.openecomp.org/asdc/license-model/1.0"><vendor-name>JUNIPER</vendor-name><vf-id>2dccd7e10e024c5f95729322c9b20cb2</vf-id><feature-group-list><feature-group><entitlement-pool-list><entitlement-pool><name>VMX 40G  ADVANCE  PKG EP</name><description>40G Perpetual license. ADVANCE package. Scale: 8M RIB, 16 L3VPN instances, VPN instances (both L2 and L3 VPN technologies) up to system scale. 
</description><increments>NA</increments><entitlement-pool-invariant-uuid>26170D40006E4848B3EAF0367ECA5FDC</entitlement-pool-invariant-uuid><entitlement-pool-uuid>e8c53003-3053-4c6e-8db0-bd44047d2ba2</entitlement-pool-uuid><manufacturer-reference-number>VMX-ADV-40G</manufacturer-reference-number><threshold-value><unit>Absolute</unit><value>0</value></threshold-value><version>9.0</version><vendor-limits><limit><description/><metric>bandwidth_units</metric><values>Gbps</values><unit/><time><value/></time><aggregation-function><value/></aggregation-function></limit><limit><description/><metric>bandwidth</metric><values>40</values><unit/><time><value/></time><aggregation-function><value/></aggregation-function></limit></vendor-limits><operational-scope><value>Network_Wide</value></operational-scope><sp-limits/><start-date/><expiry-date/></entitlement-pool></entitlement-pool-list><license-key-group-list><license-key-group><name>VMX-ADV-40G</name><description>40G Perpetual license. ADVANCE package. Scale: 8M RIB, 16 L3VPN instances, VPN instances (both L2 and L3 VPN technologies) up to system scale. 
</description><type>Unique</type><increments/><license-key-group-invariant-uuid>795E8624EBE243E98393C0849F3CF5BB</license-key-group-invariant-uuid><license-key-group-uuid>53df14a6-0215-48e2-bafe-898abc062ee2</license-key-group-uuid><manufacturer-reference-number>VMX-ADV-40G</manufacturer-reference-number><threshold-value><unit/><value/></threshold-value><version>9.0</version><vendor-limits><limit><description/><metric>bandwidth</metric><values>40</values><unit/><time><value/></time><aggregation-function><value/></aggregation-function></limit><limit><description/><metric>bandwidth_units</metric><values>Gbps</values><unit/><time><value/></time><aggregation-function><value/></aggregation-function></limit></vendor-limits><operational-scope><value>Network_Wide</value></operational-scope><sp-limits/><start-date/><expiry-date/></license-key-group></license-key-group-list><description>40G Perpetual license. ADVANCE package. Scale: 8M RIB, 16 L3VPN instances, VPN instances (both L2 and L3 VPN technologies) up to system scale. 
</description><part-number>VMX-ADV-40G</part-number><name>VMX 40G ADVANCE PKG FG</name><feature-group-uuid>99BD435C1C7945DC980E8A5FDB371891</feature-group-uuid></feature-group><feature-group><entitlement-pool-list><entitlement-pool><name>VMX 1G  ADVANCE PKG EP</name><description>1G perpetual license. Includes full scale L2/L2.5, L3 features. Includes EVPN and VXLAN. Only 16 L3VPN 
</description><increments>NA</increments><entitlement-pool-invariant-uuid>D0A3E62E332A4FA580B344E1E6C920BC</entitlement-pool-invariant-uuid><entitlement-pool-uuid>8bf11c31-2c85-4969-998f-db4c1a11e06d</entitlement-pool-uuid><manufacturer-reference-number>VMX-ADV-1G </manufacturer-reference-number><threshold-value><unit>Absolute</unit><value>0</value></threshold-value><version>9.0</version><vendor-limits><limit><description/><metric>bandwidth_units</metric><values>Gbps</values><unit/><time><value/></time><aggregation-function><value/></aggregation-function></limit><limit><description/><metric>bandwidth</metric><values>1</values><unit/><time><value/></time><aggregation-function><value/></aggregation-function></limit></vendor-limits><operational-scope><value>Network_Wide</value></operational-scope><sp-limits/><start-date/><expiry-date/></entitlement-pool></entitlement-pool-list><license-key-group-list><license-key-group><name>VMX-ADV-1G </name><description>1G perpetual license. Includes full scale L2/L2.5, L3 features. Includes EVPN and VXLAN. Only 16 L3VPN 
</description><type>Unique</type><increments/><license-key-group-invariant-uuid>CB55A0BCA19E4A3D9304EE54303BEC57</license-key-group-invariant-uuid><license-key-group-uuid>8d543b4f-089e-49c6-a6eb-8bf5cbd37a7c</license-key-group-uuid><manufacturer-reference-number>VMX-ADV-1G </manufacturer-reference-number><threshold-value><unit/><value/></threshold-value><version>9.0</version><vendor-limits><limit><description/><metric>bandwidth</metric><values>1</values><unit/><time><value/></time><aggregation-function><value/></aggregation-function></limit><limit><description/><metric>bandwidth_units</metric><values>Gbps</values><unit/><time><value/></time><aggregation-function><value/></aggregation-function></limit></vendor-limits><operational-scope><value>Network_Wide</value></operational-scope><sp-limits/><start-date/><expiry-date/></license-key-group></license-key-group-list><description>1G perpetual license. Includes full scale L2/L2.5, L3 features. Includes EVPN and VXLAN. Only 16 L3VPN 
</description><part-number>VMX-ADV-1G </part-number><name>VMX 1G ADVANCE PKG FG</name><feature-group-uuid>105976C63C4D49CCB28BC1E4D7A50954</feature-group-uuid></feature-group><feature-group><entitlement-pool-list><entitlement-pool><name>VMX 10G ADVANCE PKG EP</name><description>10G perpetual license. Includes full scale L2/L2.5, L3 features. Includes EVPN and VXLAN. Only 16 L3VPN instances 
</description><increments>NA</increments><entitlement-pool-invariant-uuid>2F48FF68CF8042C1A24D92BDAF0ABE98</entitlement-pool-invariant-uuid><entitlement-pool-uuid>6a3d12e2-da0c-4f19-b576-f29f85b1a034</entitlement-pool-uuid><manufacturer-reference-number>VMX-ADV-10G </manufacturer-reference-number><threshold-value><unit>Absolute</unit><value>0</value></threshold-value><version>9.0</version><vendor-limits><limit><description/><metric>bandwidth_units</metric><values>Gbps</values><unit/><time><value/></time><aggregation-function><value/></aggregation-function></limit><limit><description/><metric>bandwidth</metric><values>10</values><unit/><time><value/></time><aggregation-function><value/></aggregation-function></limit></vendor-limits><operational-scope><value>Network_Wide</value></operational-scope><sp-limits/><start-date/><expiry-date/></entitlement-pool></entitlement-pool-list><license-key-group-list><license-key-group><name>VMX-ADV-10G </name><description>10G perpetual license. Includes full scale L2/L2.5, L3 features. Includes EVPN and VXLAN. Only 16 L3VPN instances 
</description><type>Unique</type><increments/><license-key-group-invariant-uuid>23139D850DC448D39EA1C3323B0DDCC3</license-key-group-invariant-uuid><license-key-group-uuid>36cdaab6-c01d-4ed4-b4c7-a330e100f4dd</license-key-group-uuid><manufacturer-reference-number>VMX-ADV-10G </manufacturer-reference-number><threshold-value><unit/><value/></threshold-value><version>9.0</version><vendor-limits><limit><description/><metric>bandwidth</metric><values>10</values><unit/><time><value/></time><aggregation-function><value/></aggregation-function></limit><limit><description/><metric>bandwidth_units</metric><values>Gbps</values><unit/><time><value/></time><aggregation-function><value/></aggregation-function></limit></vendor-limits><operational-scope><value>Network_Wide</value></operational-scope><sp-limits/><start-date/><expiry-date/></license-key-group></license-key-group-list><description>10G perpetual license. Includes full scale L2/L2.5, L3 features. Includes EVPN and VXLAN. Only 16 L3VPN instances 
</description><part-number>VMX-ADV-10G </part-number><name>VMX 10G ADVANCE PKG FG</name><feature-group-uuid>8147C7FA3ADE4F6A878717773B090B9B</feature-group-uuid></feature-group><feature-group><entitlement-pool-list><entitlement-pool><name>VMX 5G ADVANCE PKG EP</name><description>5G perpetual license. Includes full scale L2/L2.5, L3 features. Includes EVPN and VXLAN. Only 16 L3VPN instances 
</description><increments>NA</increments><entitlement-pool-invariant-uuid>AA09948B29F24D8A9D500232888CF281</entitlement-pool-invariant-uuid><entitlement-pool-uuid>d7652af9-f9a5-45fd-9ef8-8d1ba4a03bd1</entitlement-pool-uuid><manufacturer-reference-number>VMX-ADV-5G </manufacturer-reference-number><threshold-value><unit>Absolute</unit><value>0</value></threshold-value><version>9.0</version><vendor-limits><limit><description/><metric>bandwidth_units</metric><values>Gbps</values><unit/><time><value/></time><aggregation-function><value/></aggregation-function></limit><limit><description/><metric>bandwidth</metric><values>5</values><unit/><time><value/></time><aggregation-function><value/></aggregation-function></limit></vendor-limits><operational-scope><value>Network_Wide</value></operational-scope><sp-limits/><start-date/><expiry-date/></entitlement-pool></entitlement-pool-list><license-key-group-list><license-key-group><name>VMX-ADV-5G </name><description>5G perpetual license. Includes full scale L2/L2.5, L3 features. Includes EVPN and VXLAN. Only 16 L3VPN instances 
</description><type>Unique</type><increments/><license-key-group-invariant-uuid>BD93AABD6D0240468695ABEB47D6523E</license-key-group-invariant-uuid><license-key-group-uuid>9fcdb136-4a5c-4f07-866d-17be43fc6e15</license-key-group-uuid><manufacturer-reference-number>VMX-ADV-5G </manufacturer-reference-number><threshold-value><unit/><value/></threshold-value><version>9.0</version><vendor-limits><limit><description/><metric>bandwidth</metric><values>5</values><unit/><time><value/></time><aggregation-function><value/></aggregation-function></limit><limit><description/><metric>bandwidth_units</metric><values>Gbps</values><unit/><time><value/></time><aggregation-function><value/></aggregation-function></limit></vendor-limits><operational-scope><value>Network_Wide</value></operational-scope><sp-limits/><start-date/><expiry-date/></license-key-group></license-key-group-list><description>5G perpetual license. Includes full scale L2/L2.5, L3 features. Includes EVPN and VXLAN. Only 16 L3VPN instances 
</description><part-number>VMX-ADV-5G </part-number><name>VMX 5G ADVANCE PKG FG</name><feature-group-uuid>9DD026271B3A407D8AC71B6BCAA220DA</feature-group-uuid></feature-group><feature-group><entitlement-pool-list><entitlement-pool><name>VMX 100G ADVANCE PKG EP</name><description>100G Perpetual license. ADVANCE package. Scale: 8M RIB, 16 L3VPN instances, VPN instances (both L2 and L3 VPN technologies) up to system scale. </description><increments/><entitlement-pool-invariant-uuid>841b261fccd04f46a8b9439fd094bbfb</entitlement-pool-invariant-uuid><entitlement-pool-uuid>B19E5DE45EE34953967DB5CED58A9AF9</entitlement-pool-uuid><manufacturer-reference-number>VMX-ADV-100G</manufacturer-reference-number><threshold-value><unit/><value/></threshold-value><version>9.0</version><vendor-limits><limit><description/><metric>bandwidth</metric><values>100</values><unit/><time><value/></time><aggregation-function><value/></aggregation-function></limit><limit><description/><metric>bandwidth_units</metric><values>Gbps</values><unit/><time><value/></time><aggregation-function><value/></aggregation-function></limit></vendor-limits><operational-scope><value/></operational-scope><sp-limits/><start-date/><expiry-date/></entitlement-pool><entitlement-pool><name>VMX ADVANCE Queuing License for 100G</name><description>Stand alone queuing license for 100G. Applies to ADVANCE only.</description><increments/><entitlement-pool-invariant-uuid>918da1999d3c42769346e86c9a05fb69</entitlement-pool-invariant-uuid><entitlement-pool-uuid>AE5E4A2A4A8D44AD9C97E1DBA2CE57D7</entitlement-pool-uuid><manufacturer-reference-number>VMX-ADV-100G</manufacturer-reference-number><threshold-value><unit/><value/></threshold-value><version>9.0</version><vendor-limits><limit><description/><metric>bandwidth</metric><values>100</values><unit/><time><value/></time><aggregation-function><value/></aggregation-function></limit><limit><description/><metric>bandwidth_units</metric><values>Gbps</values><unit/><time><value/></time><aggregation-function><value/></aggregation-function></limit></vendor-limits><operational-scope><value/></operational-scope><sp-limits/><start-date/><expiry-date/></entitlement-pool></entitlement-pool-list><license-key-group-list><license-key-group><name>VMX-ADV-100G</name><description>100G Perpetual license. ADVANCE package. Scale: 8M RIB, 16 L3VPN instances, VPN instances (both L2 and L3 VPN technologies) up to system scale. </description><type>Unique</type><increments/><license-key-group-invariant-uuid>d48d013849034f9d95ee84ab7769e61c</license-key-group-invariant-uuid><license-key-group-uuid>5A8916871F594FC3806EC290CC9A8485</license-key-group-uuid><manufacturer-reference-number>VMX-ADV-100G</manufacturer-reference-number><threshold-value><unit/><value/></threshold-value><version>9.0</version><vendor-limits><limit><description/><metric>bandwidth_units</metric><values>Gbps</values><unit/><time><value/></time><aggregation-function><value/></aggregation-function></limit><limit><description/><metric>bandwidth</metric><values>100</values><unit/><time><value/></time><aggregation-function><value/></aggregation-function></limit></vendor-limits><operational-scope><value/></operational-scope><sp-limits/><start-date/><expiry-date/></license-key-group></license-key-group-list><description>100G Perpetual license. ADVANCE package. Scale: 8M RIB, 16 L3VPN instances, VPN instances (both L2 and L3 VPN technologies) up to system scale. </description><part-number>VMX-ADV-100G</part-number><name>VMX 100G ADVANCE PKG FG</name><feature-group-uuid>d190f77519df4849bc8fbc41838ba8c9</feature-group-uuid></feature-group></feature-group-list></vf-license-model>