<vf-license-model xmlns="http://xmlns.openecomp.org/asdc/license-model/1.0"><vendor-name>1627ae7f-c659-4a51-b647</vendor-name><vf-id>7b99b3ad23d14c538df021234bcff166</vf-id><feature-group-list><feature-group><entitlement-pool-list><entitlement-pool><name>596e162b-3072-47a5-88cc</name><description>vendor entitlement pool</description><increments/><entitlement-pool-invariant-uuid>e5cddcebfd684a3e9acd28641233c431</entitlement-pool-invariant-uuid><entitlement-pool-uuid>DD483D3262E148C7B6827942AE3FE6CC</entitlement-pool-uuid><manufacturer-reference-number>111111</manufacturer-reference-number><sp-limits/><vendor-limits/><operational-scope><value/></operational-scope><start-date>2019-05-20T00:00:00Z</start-date><expiry-date>2020-05-19T23:59:59Z</expiry-date><threshold-value><unit>Percentage</unit><value>100</value></threshold-value><version>1.0</version></entitlement-pool></entitlement-pool-list><license-key-group-list><license-key-group><name>f86e7724-55ab-43c7-932a</name><description>vendor license key group</description><type>Universal</type><increments/><license-key-group-invariant-uuid>55c484de42394951a24d2f65315101b1</license-key-group-invariant-uuid><license-key-group-uuid>CB33429804DB4DD2961A33D68A3B1950</license-key-group-uuid><manufacturer-reference-number>11111</manufacturer-reference-number><sp-limits/><vendor-limits/><operational-scope><value/></operational-scope><start-date>2019-05-20T00:00:00Z</start-date><expiry-date>2020-05-19T23:59:59Z</expiry-date><threshold-value><unit>Percentage</unit><value>100</value></threshold-value><version>1.0</version></license-key-group></license-key-group-list><name>13d9bfa9-a906-4e7a-8dfb</name><part-number>123abc456</part-number><feature-group-uuid>bc25884833e845a190a600f6acf000de</feature-group-uuid><description>vendor feature group</description></feature-group></feature-group-list></vf-license-model>