[
  {
    "vfModuleModelName": "2017488AdiodVpe..ADIOD_base_vPE_BV..module-0",
    "vfModuleModelInvariantUUID": "b34833bb-6aa9-4ad6-a831-70b06367a091",
    "vfModuleModelVersion": "5",
    "vfModuleModelUUID": "f8360508-3f17-4414-a2ed-6bc71161e8db",
    "vfModuleModelCustomizationUUID": "a55961b2-2065-4ab0-a5b7-2fcee1c227e3",
    "isBase": true,
    "artifacts": [
      "7f3e2b2a-71db-47c5-8e22-eafba8682148",
      "c99e0e9c-ce20-4b94-973c-a9a897293203"
    ],
    "properties": {
      "min_vf_module_instances": "1",
      "vf_module_label": "ADIOD_base_vPE_BV",
      "max_vf_module_instances": "1",
      "vfc_list": "",
      "vf_module_description": "",
      "vf_module_type": "Base",
      "availability_zone_count": "",
      "volume_group": "false",
      "initial_count": "1"
    }
  },
  {
    "vfModuleModelName": "2017488AdiodVpe..ADIOD_vRE_BV..module-1",
    "vfModuleModelInvariantUUID": "7253ff5c-97f0-4b8b-937c-77aeb4d79aa1",
    "vfModuleModelVersion": "6",
    "vfModuleModelUUID": "25284168-24bb-4698-8cb4-3f509146eca5",
    "vfModuleModelCustomizationUUID": "f7e7c365-60cf-49a9-9ebf-a1aa11b9d401",
    "isBase": false,
    "artifacts": [
      "7e89e6ca-356e-4680-9697-8c9a4f1fffe0",
      "0e992156-adb1-4e65-958a-b7964b48c351",
      "023da09c-7f9e-4f27-8dc1-1c2fb65f7cac",
      "eee47127-6d3a-4fd5-9086-8d0ea14bcb4f",
      "2a253c80-ae8b-49ba-9c83-888fffb2b1cf"
    ],
    "properties": {
      "min_vf_module_instances": "0",
      "vf_module_label": "ADIOD_vRE_BV",
      "max_vf_module_instances": "",
      "vfc_list": "",
      "vf_module_description": "",
      "vf_module_type": "Expansion",
      "availability_zone_count": "",
      "volume_group": "true",
      "initial_count": "0"
    }
  },
  {
    "vfModuleModelName": "2017488AdiodVpe..ADIOD_vPFE_BV..module-2",
    "vfModuleModelInvariantUUID": "eff8cc59-53a1-4101-aed7-8cf24ecf8339",
    "vfModuleModelVersion": "6",
    "vfModuleModelUUID": "0a0dd9d4-31d3-4c3a-ae89-a02f383e6a9a",
    "vfModuleModelCustomizationUUID": "3cd946bb-50e0-40d8-96d3-c9023520b557",
    "isBase": false,
    "artifacts": [
      "cfe87b56-3bb8-4549-9685-b144683fc51c",
      "5d775307-2fb2-42b2-ba17-07d01b24942a",
      "88c01557-2008-4ae4-b1fb-ccef1b260b4b",
      "a965f2fd-5f92-4d1c-ac49-4f0ebeea5104"
    ],
    "properties": {
      "min_vf_module_instances": "0",
      "vf_module_label": "ADIOD_vPFE_BV",
      "max_vf_module_instances": "",
      "vfc_list": "",
      "vf_module_description": "",
      "vf_module_type": "Expansion",
      "availability_zone_count": "",
      "volume_group": "true",
      "initial_count": "0"
    }
  }
]