<vendor-license-model xmlns="http://xmlns.openecomp.org/asdc/license-model/1.0"><vendor-name>mdns_2017_1011_IST_VLM</vendor-name><entitlement-pool-list><entitlement-pool><entitlement-pool-invariant-uuid>c83c460d10a24ec4b5609d4641bdbd3d</entitlement-pool-invariant-uuid><entitlement-pool-uuid>6910081FD63147C1BBAC5187FF646302</entitlement-pool-uuid><version>1.0</version><name>mdns_2017_1011_IST_EP</name><description>mdns_2017_1011_IST_EP</description><increments/><start-date/><expiry-date/><manufacturer-reference-number>N/A</manufacturer-reference-number><threshold-value><unit>Absolute</unit><value>100</value></threshold-value><sp-limits/><vendor-limits/><operational-scope><value/></operational-scope></entitlement-pool></entitlement-pool-list><license-key-group-list><license-key-group><version>1.0</version><name>mdns_2017_1011_IST_LKG</name><description>mdns_2017_1011_IST_LKG</description><type>Universal</type><increments/><manufacturerReferenceNumber>N/A</manufacturerReferenceNumber><license-key-group-invariant-uuid>9b4d79da837b44569182ad5526b5e95e</license-key-group-invariant-uuid><license-key-group-uuid>480ED9FA90124E93BF2A82989F653F86</license-key-group-uuid><start-date/><expiry-date/><threshold-value><unit/><value/></threshold-value><sp-limits/><vendor-limits/><operational-scope><value/></operational-scope></license-key-group></license-key-group-list></vendor-license-model>