<model xmlns="http://org.openecomp.aai.inventory/v10">
    <model-invariant-id>de01afb5-532b-451d-aac4-ff9ff0644060</model-invariant-id>
    <model-type>resource</model-type>
    <model-vers>
        <model-ver>
            <model-version-id>ac815c68-35b7-4ea4-9d04-92d2f844b27c</model-version-id>
            <model-name>AIC30_CONTRAIL_BASIC</model-name>
            <model-version>3.0</model-version>
            <model-description>Basic contrail 3.0.x L3 network for AIC 3.x sites. </model-description>
            <model-elements>
                <model-element>
                    <new-data-del-flag>F</new-data-del-flag>
                    <cardinality>unbounded</cardinality>
                    <model-elements/>
                    <relationship-list>
                        <relationship>
                            <related-to>model-ver</related-to>
                            <relationship-data>
                                <relationship-key>model-ver.model-version-id</relationship-key>
                                <relationship-value>9111f20f-e680-4001-b83f-19a2fc23bfc1</relationship-value>
                            </relationship-data>
                            <relationship-data>
                                <relationship-key>model.model-invariant-id</relationship-key>
                                <relationship-value>3d560d81-57d0-438b-a2a1-5334dba0651a</relationship-value>
                            </relationship-data>
                        </relationship>
                    </relationship-list>
                </model-element>
            </model-elements>
        </model-ver>
    </model-vers>
</model>