<vf-license-model xmlns="http://xmlns.openecomp.org/asdc/license-model/1.0"><vendor-name>Mobility Vendor</vendor-name><vf-id>673ec9cb5ddc466f97deb00574f25fb2</vf-id><feature-group-list><feature-group><entitlement-pool-list><entitlement-pool><name>Blank Entitlement Pool</name><description>blank</description><increments>NA</increments><entitlement-pool-invariant-uuid>A4B513E764D8459AAA69794E2BA2AEED</entitlement-pool-invariant-uuid><entitlement-pool-uuid>0b426b55-4a50-4697-83aa-18ff206a8d5d</entitlement-pool-uuid><manufacturer-reference-number>000</manufacturer-reference-number><vendor-limits/><operational-scope><value>Network_Wide</value></operational-scope><start-date/><expiry-date/><threshold-value><unit>Absolute</unit><value>0</value></threshold-value><version>1.0</version><sp-limits/></entitlement-pool></entitlement-pool-list><license-key-group-list/><description>blank</description><part-number>000</part-number><name>Blank Feature Group</name><feature-group-uuid>EAA8CA36DE1D48C698ECC9E6E5433F60</feature-group-uuid></feature-group></feature-group-list></vf-license-model>