[
  {
    "vfModuleModelName": "Vloadbalancerms..base_template..module-0",
    "vfModuleModelInvariantUUID": "793811b5-bc70-4550-8924-357a4d61c7b1",
    "vfModuleModelVersion": "1",
    "vfModuleModelUUID": "cb220ca2-0a2a-4150-a2fb-62a0d0c6ffb7",
    "vfModuleModelCustomizationUUID": "ae9ee878-fcbd-4e37-9c2e-c2b49de06e2b",
    "isBase": true,
    "artifacts": [
      "7a189c3f-e7c9-4ef7-a9b7-2e10119e1786",
      "7e05e8f9-f2c5-4567-bbef-7741ea47eae2"
    ],
    "properties": {
      "min_vf_module_instances": "1",
      "vf_module_label": "base_template",
      "max_vf_module_instances": "1",
      "vfc_list": "",
      "vf_module_description": "",
      "vf_module_type": "Base",
      "availability_zone_count": "",
      "volume_group": "false",
      "initial_count": "1"
    }
  },
  {
    "vfModuleModelName": "Vloadbalancerms..vpkg..module-1",
    "vfModuleModelInvariantUUID": "af73061a-f54c-42e6-bfa3-fabaafbbbcab",
    "vfModuleModelVersion": "1",
    "vfModuleModelUUID": "72d56b5c-932c-48d7-9b74-b0f6c30d221b",
    "vfModuleModelCustomizationUUID": "be7b0c7a-891a-4d1d-956a-2a13476c05b4",
    "isBase": false,
    "artifacts": [
      "37f0aae2-91f7-4562-ba16-ae5ccad2cd76",
      "cf3571f3-6f3b-4e71-84ca-1e7d00bc7856"
    ],
    "properties": {
      "min_vf_module_instances": "0",
      "vf_module_label": "vpkg",
      "max_vf_module_instances": "",
      "vfc_list": "",
      "vf_module_description": "",
      "vf_module_type": "Expansion",
      "availability_zone_count": "",
      "volume_group": "false",
      "initial_count": "0"
    }
  },
  {
    "vfModuleModelName": "Vloadbalancerms..vlb..module-2",
    "vfModuleModelInvariantUUID": "ddc25d0c-d4e9-4ff5-ba3b-59fb8c0c3d76",
    "vfModuleModelVersion": "1",
    "vfModuleModelUUID": "0a115dbb-f92d-4a66-b867-9e725e45f104",
    "vfModuleModelCustomizationUUID": "c580f9c9-1455-4c5f-84c0-776776f2e9ca",
    "isBase": false,
    "artifacts": [
      "fe016ad0-4796-4b45-95dd-2e0d4e3886c6",
      "68961ef0-707a-45e2-8620-3a5cecd78d85"
    ],
    "properties": {
      "min_vf_module_instances": "0",
      "vf_module_label": "vlb",
      "max_vf_module_instances": "",
      "vfc_list": "",
      "vf_module_description": "",
      "vf_module_type": "Expansion",
      "availability_zone_count": "",
      "volume_group": "false",
      "initial_count": "0"
    }
  },
  {
    "vfModuleModelName": "Vloadbalancerms..vdns..module-3",
    "vfModuleModelInvariantUUID": "0b2fbfc6-157a-4b97-933d-a3ed9eff6402",
    "vfModuleModelVersion": "1",
    "vfModuleModelUUID": "486bf5bf-6eff-430d-987e-f074747329f3",
    "vfModuleModelCustomizationUUID": "468f3002-26cd-44a3-96ed-e45e8fc5a0c5",
    "isBase": false,
    "artifacts": [
      "4e15cc1c-944e-4a4e-9138-1c2ee0d55011",
      "e5ed051c-9326-4dd8-9f6e-9d5cae5cfef5"
    ],
    "properties": {
      "min_vf_module_instances": "0",
      "vf_module_label": "vdns",
      "max_vf_module_instances": "",
      "vfc_list": "",
      "vf_module_description": "",
      "vf_module_type": "Expansion",
      "availability_zone_count": "",
      "volume_group": "false",
      "initial_count": "0"
    }
  }
]