<model xmlns="http://org.onap.aai.inventory/v12">
    <model-invariant-id>de07f1e0-5e53-4837-9637-03718363676c</model-invariant-id>
    <model-type>service</model-type>
    <model-vers>
        <model-ver>
            <model-version-id>990c5b4c-b8c8-4f8e-ad00-9e8b1b087b5c</model-version-id>
            <model-name>1712_ADIOD vMX vPE_BV Service 488</model-name>
            <model-version>15.0</model-version>
            <model-description>Updated heat templates for skip core feature and revised affinity rules for 1712 release. Includes v7.0 of the VLM</model-description>
            <model-elements>
                <model-element>
                    <new-data-del-flag>T</new-data-del-flag>
                    <cardinality>unbounded</cardinality>
                    <model-elements>
                        <model-element>
                            <new-data-del-flag>T</new-data-del-flag>
                            <cardinality>unbounded</cardinality>
                            <model-elements/>
                            <relationship-list>
                                <relationship>
                                    <related-to>model-ver</related-to>
                                    <relationship-data>
                                        <relationship-key>model-ver.model-version-id</relationship-key>
                                        <relationship-value>6d64a330-a594-40b8-91c7-f6408a5f3d17</relationship-value>
                                    </relationship-data>
                                    <relationship-data>
                                        <relationship-key>model.model-invariant-id</relationship-key>
                                        <relationship-value>7eaa7fec-4839-4f69-b297-ae878b4e153a</relationship-value>
                                    </relationship-data>
                                </relationship>
                            </relationship-list>
                        </model-element>
                    </model-elements>
                    <relationship-list>
                        <relationship>
                            <related-to>model-ver</related-to>
                            <relationship-data>
                                <relationship-key>model-ver.model-version-id</relationship-key>
                                <relationship-value>46b92144-923a-4d20-b85a-3cbd847668a9</relationship-value>
                            </relationship-data>
                            <relationship-data>
                                <relationship-key>model.model-invariant-id</relationship-key>
                                <relationship-value>82194af1-3c2c-485a-8f44-420e22a9eaa4</relationship-value>
                            </relationship-data>
                        </relationship>
                    </relationship-list>
                </model-element>
            </model-elements>
        </model-ver>
    </model-vers>
</model>