[
  {
    "vfModuleModelName": "AmpPhVf..base_pronghorn..module-0",
    "vfModuleModelInvariantUUID": "8aadc06b-df3e-47c4-a584-ac3fe1ef6841",
    "vfModuleModelVersion": "1",
    "vfModuleModelUUID": "1e54a524-093c-4312-b4bc-74172c0ee051",
    "vfModuleModelCustomizationUUID": "fe58ddfd-a38a-4efa-8d3e-ad75577140b3",
    "isBase": true,
    "artifacts": [
      "2395d191-557d-4fb4-bcb3-5a2555faaae4",
      "aa48312f-fc79-4df2-b103-6d222ab54889",
      "e357033f-7d95-42d7-8f36-05add9820254",
      "25979e1a-a380-45ba-9335-83979e143292",
      "b5e12abd-5726-40f4-ae64-5c90b86f505f",
      "79d89494-52ec-4716-9227-98728d5026e0"
    ],
    "properties": {
      "min_vf_module_instances": "1",
      "vf_module_label": "base_pronghorn",
      "max_vf_module_instances": "1",
      "vfc_list": "",
      "vf_module_description": "",
      "vf_module_type": "Base",
      "availability_zone_count": "",
      "volume_group": "true",
      "initial_count": "1"
    }
  }
]