[
  {
    "vfModuleModelName": "Mdns20171011IstVf..base_dns..module-0",
    "vfModuleModelInvariantUUID": "0be2f9a6-889a-45bd-9ba5-13ef9f62474b",
    "vfModuleModelVersion": "1",
    "vfModuleModelUUID": "1259fe65-4112-44ab-a622-cc9f99296c90",
    "vfModuleModelCustomizationUUID": "89200091-4583-4f01-bc2b-aade7a0eb6de",
    "isBase": true,
    "artifacts": [
      "479299e8-58ad-498b-82e5-a999922d388d",
      "6dbd09d7-1e76-4f99-9d6c-d6e9b9edcbf4"
    ],
    "properties": {
      "min_vf_module_instances": "1",
      "vf_module_label": "base_dns",
      "max_vf_module_instances": "1",
      "vfc_list": "",
      "vf_module_description": "",
      "vf_module_type": "Base",
      "availability_zone_count": "",
      "volume_group": "false",
      "initial_count": "1"
    }
  },
  {
    "vfModuleModelName": "Mdns20171011IstVf..dns_az_01..module-1",
    "vfModuleModelInvariantUUID": "3744764d-32a1-468f-801d-2fc2485dc159",
    "vfModuleModelVersion": "1",
    "vfModuleModelUUID": "c921c0dd-4f02-4b1e-8234-063675955c45",
    "vfModuleModelCustomizationUUID": "a86c56b6-7d7d-4bc1-b60f-ea384cadd232",
    "isBase": false,
    "artifacts": [
      "895b1915-1f2b-467a-8071-2f07d01b2f65",
      "b9ea0a90-9a52-4a19-ae30-d35c8cbd1a73",
      "b6375fa3-fecf-404d-b91c-873f9f4e2042"
    ],
    "properties": {
      "min_vf_module_instances": "0",
      "vf_module_label": "dns_az_01",
      "max_vf_module_instances": "",
      "vfc_list": "",
      "vf_module_description": "",
      "vf_module_type": "Expansion",
      "availability_zone_count": "",
      "volume_group": "false",
      "initial_count": "0"
    }
  }
]