<vendor-license-model xmlns="http://xmlns.openecomp.org/asdc/license-model/1.0"><vendor-name>141_vCPM-05-05-17</vendor-name><entitlement-pool-list><entitlement-pool><entitlement-pool-invariant-uuid>95E14024B732451FAFD4E1406629C85B</entitlement-pool-invariant-uuid><entitlement-pool-uuid>84B4F51053A74E6E9A6966383F4D02B6</entitlement-pool-uuid><version>1.0</version><name>141_vCPM-05-05-17-3</name><description>141_vCPM-05-05-17-3</description><increments>1</increments><manufacturer-reference-number>1</manufacturer-reference-number><threshold-value><unit>Percentage</unit><value>25</value></threshold-value><entitlement-metric><value>Trunks</value></entitlement-metric><time><value>Month</value></time><aggregation-function><value>Average</value></aggregation-function><operational-scope><value>Availability_Zone</value></operational-scope></entitlement-pool></entitlement-pool-list><license-key-group-list><license-key-group><version>1.0</version><name>141_vCPM-05-05-17-4</name><description>141_vCPM-05-05-17-4</description><type>Unique</type><license-key-group-invariant-uuid>8E0142B0A6544FA2B7BEB0E0C6613444</license-key-group-invariant-uuid><license-key-group-uuid>656C717D6549476280BA76B198A05B8E</license-key-group-uuid><operational-scope><value>Network_Wide</value></operational-scope></license-key-group></license-key-group-list></vendor-license-model>