<model xmlns="http://org.openecomp.aai.inventory/v10">
    <model-invariant-id>af94e0b5-454c-4fd8-b62b-ef27632afd22</model-invariant-id>
    <model-type>resource</model-type>
    <model-vers>
        <model-ver>
            <model-version-id>95f45462-9a35-4454-ae3a-8ee9f642e6f0</model-version-id>
            <model-name>VID-PCRF-05-15-17</model-name>
            <model-version>8.0</model-version>
            <model-description>VID-PCRF-05-15-17</model-description>
            <model-elements>
                <model-element>
                    <new-data-del-flag>T</new-data-del-flag>
                    <cardinality>unbounded</cardinality>
                    <model-elements>
                        <model-element>
                            <new-data-del-flag>T</new-data-del-flag>
                            <cardinality>unbounded</cardinality>
                            <model-elements/>
                            <relationship-list>
                                <relationship>
                                    <related-to>model-ver</related-to>
                                    <relationship-data>
                                        <relationship-key>model-ver.model-version-id</relationship-key>
                                        <relationship-value>4bfd0a7f-fc43-4130-87be-fabf513b1ff9</relationship-value>
                                    </relationship-data>
                                    <relationship-data>
                                        <relationship-key>model.model-invariant-id</relationship-key>
                                        <relationship-value>a8faba2f-1f83-4206-9818-d0bc7321753b</relationship-value>
                                    </relationship-data>
                                </relationship>
                            </relationship-list>
                        </model-element>
                        <model-element>
                            <new-data-del-flag>T</new-data-del-flag>
                            <cardinality>unbounded</cardinality>
                            <model-elements/>
                            <relationship-list>
                                <relationship>
                                    <related-to>model-ver</related-to>
                                    <relationship-data>
                                        <relationship-key>model-ver.model-version-id</relationship-key>
                                        <relationship-value>0755192a-fd92-45f9-b531-7b257c1a5552</relationship-value>
                                    </relationship-data>
                                    <relationship-data>
                                        <relationship-key>model.model-invariant-id</relationship-key>
                                        <relationship-value>7e2402f7-411d-4978-b92c-680d426d4dd0</relationship-value>
                                    </relationship-data>
                                </relationship>
                            </relationship-list>
                        </model-element>
                        <model-element>
                            <new-data-del-flag>T</new-data-del-flag>
                            <cardinality>unbounded</cardinality>
                            <model-elements/>
                            <relationship-list>
                                <relationship>
                                    <related-to>model-ver</related-to>
                                    <relationship-data>
                                        <relationship-key>model-ver.model-version-id</relationship-key>
                                        <relationship-value>04854ad3-6b53-4f04-a14a-6f68a839b62c</relationship-value>
                                    </relationship-data>
                                    <relationship-data>
                                        <relationship-key>model.model-invariant-id</relationship-key>
                                        <relationship-value>2fb28e79-e6f2-4cdd-832d-f191244207e5</relationship-value>
                                    </relationship-data>
                                </relationship>
                            </relationship-list>
                        </model-element>
                        <model-element>
                            <new-data-del-flag>T</new-data-del-flag>
                            <cardinality>unbounded</cardinality>
                            <model-elements/>
                            <relationship-list>
                                <relationship>
                                    <related-to>model-ver</related-to>
                                    <relationship-data>
                                        <relationship-key>model-ver.model-version-id</relationship-key>
                                        <relationship-value>bbf63386-42ec-4cae-a6a1-a8dade4e09e1</relationship-value>
                                    </relationship-data>
                                    <relationship-data>
                                        <relationship-key>model.model-invariant-id</relationship-key>
                                        <relationship-value>df35ebf5-880b-4052-b4dc-5fbf38a423ca</relationship-value>
                                    </relationship-data>
                                </relationship>
                            </relationship-list>
                        </model-element>
                        <model-element>
                            <new-data-del-flag>T</new-data-del-flag>
                            <cardinality>unbounded</cardinality>
                            <model-elements/>
                            <relationship-list>
                                <relationship>
                                    <related-to>model-ver</related-to>
                                    <relationship-data>
                                        <relationship-key>model-ver.model-version-id</relationship-key>
                                        <relationship-value>fa1c8558-006c-4fb6-82f2-4fc0646d6b06</relationship-value>
                                    </relationship-data>
                                    <relationship-data>
                                        <relationship-key>model.model-invariant-id</relationship-key>
                                        <relationship-value>eb5a1e09-7f46-4f1c-ab7a-b017bad95261</relationship-value>
                                    </relationship-data>
                                </relationship>
                            </relationship-list>
                        </model-element>
                        <model-element>
                            <new-data-del-flag>T</new-data-del-flag>
                            <cardinality>unbounded</cardinality>
                            <model-elements/>
                            <relationship-list>
                                <relationship>
                                    <related-to>model-ver</related-to>
                                    <relationship-data>
                                        <relationship-key>model-ver.model-version-id</relationship-key>
                                        <relationship-value>e018151b-6c29-496b-92de-cd22671651d7</relationship-value>
                                    </relationship-data>
                                    <relationship-data>
                                        <relationship-key>model.model-invariant-id</relationship-key>
                                        <relationship-value>b3ae6092-1973-495b-9cae-5813679da421</relationship-value>
                                    </relationship-data>
                                </relationship>
                            </relationship-list>
                        </model-element>
                    </model-elements>
                    <relationship-list>
                        <relationship>
                            <related-to>model-ver</related-to>
                            <relationship-data>
                                <relationship-key>model-ver.model-version-id</relationship-key>
                                <relationship-value>93a6166f-b3d5-4f06-b4ba-aed48d009ad9</relationship-value>
                            </relationship-data>
                            <relationship-data>
                                <relationship-key>model.model-invariant-id</relationship-key>
                                <relationship-value>acc6edd8-a8d4-4b93-afaa-0994068be14c</relationship-value>
                            </relationship-data>
                        </relationship>
                    </relationship-list>
                </model-element>
            </model-elements>
        </model-ver>
    </model-vers>
</model>