[
  {
    "vfModuleModelName": "Greatdefect..base_ixla..module-0",
    "vfModuleModelInvariantUUID": "80ff85fb-cb11-42cb-9737-e47095d42756",
    "vfModuleModelVersion": "3",
    "vfModuleModelUUID": "01166434-ef34-4969-aaf2-626203d72e48",
    "vfModuleModelCustomizationUUID": "316e323d-611d-4007-a647-b1d2ecdaee9e",
    "isBase": true,
    "artifacts": [
      "9f960487-3ffe-4ae9-bf5d-8e56755143da",
      "8ccb7fee-8f7b-49e5-aeef-05493a251b80"
    ],
    "properties": {
      "min_vf_module_instances": "1",
      "vf_module_label": "base_ixla",
      "max_vf_module_instances": "1",
      "vfc_list": "",
      "vf_module_description": "",
      "vf_module_type": "Base",
      "availability_zone_count": "",
      "volume_group": "false",
      "initial_count": "1"
    }
  },
  {
    "vfModuleModelName": "Greatdefect..module_2_ixla..module-1",
    "vfModuleModelInvariantUUID": "23befc6e-aa97-4004-b215-4979c3f84913",
    "vfModuleModelVersion": "3",
    "vfModuleModelUUID": "dea8e41f-c996-4557-b521-263210d96baa",
    "vfModuleModelCustomizationUUID": "b52c1fda-fbbf-4de3-ad9b-190d4a14990c",
    "isBase": false,
    "artifacts": [
      "448fb60b-7eb6-4b00-8e9b-e31fb8bac506",
      "9e5730e3-beb4-4075-a46a-6ae397c23248"
    ],
    "properties": {
      "min_vf_module_instances": "0",
      "vf_module_label": "module_2_ixla",
      "max_vf_module_instances": "",
      "vfc_list": "",
      "vf_module_description": "",
      "vf_module_type": "Expansion",
      "availability_zone_count": "",
      "volume_group": "false",
      "initial_count": "0"
    }
  },
  {
    "vfModuleModelName": "Greatdefect..module_1_ixla..module-2",
    "vfModuleModelInvariantUUID": "e0297a51-c670-452e-b31c-c5b37c6ad40f",
    "vfModuleModelVersion": "3",
    "vfModuleModelUUID": "6f09e053-56a6-4fbb-8299-e1de616825cc",
    "vfModuleModelCustomizationUUID": "1106fca3-235a-4f92-8d5a-960a7336b32f",
    "isBase": false,
    "artifacts": [
      "37d85e2f-2cee-48af-abd9-55ceba3590b3",
      "8363f191-d8a4-4d44-bdf4-34578b35363f"
    ],
    "properties": {
      "min_vf_module_instances": "0",
      "vf_module_label": "module_1_ixla",
      "max_vf_module_instances": "",
      "vfc_list": "",
      "vf_module_description": "",
      "vf_module_type": "Expansion",
      "availability_zone_count": "",
      "volume_group": "false",
      "initial_count": "0"
    }
  }
]