<vf-license-model xmlns="http://xmlns.openecomp.org/asdc/license-model/1.0"><vendor-name>Juniper valid 2</vendor-name><vf-id>0bc72b5e2eca49b19c54517a46c48753</vf-id><feature-group-list><feature-group><entitlement-pool-list><entitlement-pool><name>VMX ADVANCE Queuing License for 40G</name><description>Stand alone queuing license for 40G. Applies to ADVANCE only</description><increments/><entitlement-pool-uuid>54EA76DDF9FE4836A69E3B0A81213900</entitlement-pool-uuid><manufacturer-reference-number>VMX-ADV-40G</manufacturer-reference-number><sp-limits/><vendor-limits><limit><description/><metric>bandwidth_units</metric><values>Gbps</values><unit/><time><value/></time><aggregation-function><value/></aggregation-function></limit><limit><description/><metric>bandwidth</metric><values>40</values><unit/><time><value/></time><aggregation-function><value/></aggregation-function></limit></vendor-limits><operational-scope><value/></operational-scope><start-date/><expiry-date/><threshold-value><unit/><value/></threshold-value></entitlement-pool><entitlement-pool><name>VMX 40G  ADVANCE  PKG EP</name><description>40G Perpetual license. ADVANCE package. Scale: 8M RIB, 16 L3VPN instances, VPN instances (both L2 and L3 VPN technologies) up to system scale. 
</description><increments>NA</increments><entitlement-pool-uuid>d31404c7-b97f-458e-a90b-88058671551d</entitlement-pool-uuid><manufacturer-reference-number>VMX-ADV-40G</manufacturer-reference-number><sp-limits/><vendor-limits><limit><description/><metric>bandwidth_units</metric><values>Gbps</values><unit/><time><value/></time><aggregation-function><value/></aggregation-function></limit><limit><description/><metric>bandwidth</metric><values>40</values><unit/><time><value/></time><aggregation-function><value/></aggregation-function></limit></vendor-limits><operational-scope><value>Network_Wide</value></operational-scope><start-date/><expiry-date/><threshold-value><unit>Absolute</unit><value>0</value></threshold-value></entitlement-pool></entitlement-pool-list><license-key-group-list><license-key-group><name>VMX-ADV-40G</name><description>40G Perpetual license. ADVANCE package. Scale: 8M RIB, 16 L3VPN instances, VPN instances (both L2 and L3 VPN technologies) up to system scale. 
</description><type>Unique</type><increments/><license-key-group-uuid>646fc152-9a03-4b2b-81d2-ad399da49b2c</license-key-group-uuid><manufacturer-reference-number>VMX-ADV-40G</manufacturer-reference-number><sp-limits/><vendor-limits><limit><description/><metric>bandwidth</metric><values>40</values><unit/><time><value/></time><aggregation-function><value/></aggregation-function></limit><limit><description/><metric>bandwidth_units</metric><values>Gbps</values><unit/><time><value/></time><aggregation-function><value/></aggregation-function></limit></vendor-limits><operational-scope><value>Network_Wide</value></operational-scope><start-date/><expiry-date/><threshold-value><unit/><value/></threshold-value></license-key-group></license-key-group-list><name>VMX 40G ADVANCE PKG FG</name><description>40G Perpetual license. ADVANCE package. Scale: 8M RIB, 16 L3VPN instances, VPN instances (both L2 and L3 VPN technologies) up to system scale. 
</description><part-number>VMX-ADV-40G</part-number><feature-group-uuid>99BD435C1C7945DC980E8A5FDB371891</feature-group-uuid></feature-group><feature-group><entitlement-pool-list><entitlement-pool><name>VMX 1G  ADVANCE PKG EP</name><description>1G perpetual license. Includes full scale L2/L2.5, L3 features. Includes EVPN and VXLAN. Only 16 L3VPN 
</description><increments>NA</increments><entitlement-pool-uuid>c10247b8-cda2-4310-8075-7808c4e03ad8</entitlement-pool-uuid><manufacturer-reference-number>VMX-ADV-1G </manufacturer-reference-number><sp-limits/><vendor-limits><limit><description/><metric>bandwidth_units</metric><values>Gbps</values><unit/><time><value/></time><aggregation-function><value/></aggregation-function></limit><limit><description/><metric>bandwidth</metric><values>1</values><unit/><time><value/></time><aggregation-function><value/></aggregation-function></limit></vendor-limits><operational-scope><value>Network_Wide</value></operational-scope><start-date/><expiry-date/><threshold-value><unit>Absolute</unit><value>0</value></threshold-value></entitlement-pool><entitlement-pool><name>VMX ADVANCE Queuing License for 1G</name><description>Stand alone queuing license for 1G. Applies to ADVANCE only.</description><increments/><entitlement-pool-uuid>CD9F85B6CDC24B02AC2C94F944B0413D</entitlement-pool-uuid><manufacturer-reference-number>VMX-ADV-1G </manufacturer-reference-number><sp-limits/><vendor-limits><limit><description/><metric>bandwidth</metric><values>1</values><unit/><time><value/></time><aggregation-function><value/></aggregation-function></limit><limit><description/><metric>bandwidth_units</metric><values>Gbps</values><unit/><time><value/></time><aggregation-function><value/></aggregation-function></limit></vendor-limits><operational-scope><value/></operational-scope><start-date/><expiry-date/><threshold-value><unit/><value/></threshold-value></entitlement-pool></entitlement-pool-list><license-key-group-list><license-key-group><name>VMX-ADV-1G </name><description>1G perpetual license. Includes full scale L2/L2.5, L3 features. Includes EVPN and VXLAN. Only 16 L3VPN 
</description><type>Unique</type><increments/><license-key-group-uuid>f0b97ad1-61aa-4f6d-95db-ba649ecbcbaa</license-key-group-uuid><manufacturer-reference-number>VMX-ADV-1G </manufacturer-reference-number><sp-limits/><vendor-limits><limit><description/><metric>bandwidth_units</metric><values>Gbps</values><unit/><time><value/></time><aggregation-function><value/></aggregation-function></limit><limit><description/><metric>bandwidth</metric><values>1</values><unit/><time><value/></time><aggregation-function><value/></aggregation-function></limit></vendor-limits><operational-scope><value>Network_Wide</value></operational-scope><start-date/><expiry-date/><threshold-value><unit/><value/></threshold-value></license-key-group></license-key-group-list><name>VMX 1G ADVANCE PKG FG</name><description>1G perpetual license. Includes full scale L2/L2.5, L3 features. Includes EVPN and VXLAN. Only 16 L3VPN 
</description><part-number>VMX-ADV-1G </part-number><feature-group-uuid>105976C63C4D49CCB28BC1E4D7A50954</feature-group-uuid></feature-group><feature-group><entitlement-pool-list><entitlement-pool><name>VMX ADVANCE Queuing License for 10G</name><description>Stand alone queuing license for 10G. Applies to ADVANCE only.</description><increments/><entitlement-pool-uuid>5D011B02881F40EFA137E0D42687A5E3</entitlement-pool-uuid><manufacturer-reference-number>VMX-ADV-10G </manufacturer-reference-number><sp-limits/><vendor-limits><limit><description/><metric>bandwidth_units</metric><values>Gbps</values><unit/><time><value/></time><aggregation-function><value/></aggregation-function></limit><limit><description/><metric>bandwith</metric><values>10</values><unit/><time><value/></time><aggregation-function><value/></aggregation-function></limit></vendor-limits><operational-scope><value/></operational-scope><start-date/><expiry-date/><threshold-value><unit/><value/></threshold-value></entitlement-pool><entitlement-pool><name>VMX 10G ADVANCE PKG EP</name><description>10G perpetual license. Includes full scale L2/L2.5, L3 features. Includes EVPN and VXLAN. Only 16 L3VPN instances 
</description><increments>NA</increments><entitlement-pool-uuid>db21141b-212a-49c6-8b7d-440d8bfee8fa</entitlement-pool-uuid><manufacturer-reference-number>VMX-ADV-10G </manufacturer-reference-number><sp-limits/><vendor-limits><limit><description/><metric>bandwidth_units</metric><values>Gbps</values><unit/><time><value/></time><aggregation-function><value/></aggregation-function></limit><limit><description/><metric>bandwidth</metric><values>10</values><unit/><time><value/></time><aggregation-function><value/></aggregation-function></limit></vendor-limits><operational-scope><value>Network_Wide</value></operational-scope><start-date/><expiry-date/><threshold-value><unit>Absolute</unit><value>0</value></threshold-value></entitlement-pool></entitlement-pool-list><license-key-group-list><license-key-group><name>VMX-ADV-10G </name><description>10G perpetual license. Includes full scale L2/L2.5, L3 features. Includes EVPN and VXLAN. Only 16 L3VPN instances 
</description><type>Unique</type><increments/><license-key-group-uuid>1fbaf49f-603f-4879-93ae-806df69ab415</license-key-group-uuid><manufacturer-reference-number>VMX-ADV-10G </manufacturer-reference-number><sp-limits/><vendor-limits><limit><description/><metric>bandwidth_units</metric><values>Gbps</values><unit/><time><value/></time><aggregation-function><value/></aggregation-function></limit><limit><description/><metric>bandwidth</metric><values>10</values><unit/><time><value/></time><aggregation-function><value/></aggregation-function></limit></vendor-limits><operational-scope><value>Network_Wide</value></operational-scope><start-date/><expiry-date/><threshold-value><unit/><value/></threshold-value></license-key-group></license-key-group-list><name>VMX 10G ADVANCE PKG FG</name><description>10G perpetual license. Includes full scale L2/L2.5, L3 features. Includes EVPN and VXLAN. Only 16 L3VPN instances 
</description><part-number>VMX-ADV-10G </part-number><feature-group-uuid>8147C7FA3ADE4F6A878717773B090B9B</feature-group-uuid></feature-group><feature-group><entitlement-pool-list><entitlement-pool><name>VMX 5G ADVANCE PKG EP</name><description>5G perpetual license. Includes full scale L2/L2.5, L3 features. Includes EVPN and VXLAN. Only 16 L3VPN instances 
</description><increments>NA</increments><entitlement-pool-uuid>676d8a37-6752-4115-8bec-b67a581741b6</entitlement-pool-uuid><manufacturer-reference-number>VMX-ADV-5G </manufacturer-reference-number><sp-limits/><vendor-limits><limit><description/><metric>bandwidth_units</metric><values>Gbps</values><unit/><time><value/></time><aggregation-function><value/></aggregation-function></limit><limit><description/><metric>bandwidth</metric><values>5</values><unit/><time><value/></time><aggregation-function><value/></aggregation-function></limit></vendor-limits><operational-scope><value>Network_Wide</value></operational-scope><start-date/><expiry-date/><threshold-value><unit>Absolute</unit><value>0</value></threshold-value></entitlement-pool><entitlement-pool><name>VMX ADVANCE Queuing License for 5G</name><description>Stand alone queuing license for 5G. Applies to ADVANCE only.</description><increments/><entitlement-pool-uuid>3BE126F03F7C4644BFD8465A83455430</entitlement-pool-uuid><manufacturer-reference-number>VMX-ADV-5G </manufacturer-reference-number><sp-limits/><vendor-limits><limit><description/><metric>bandwidth_units</metric><values>Gbps</values><unit/><time><value/></time><aggregation-function><value/></aggregation-function></limit><limit><description/><metric>bandwidth</metric><values>5</values><unit/><time><value/></time><aggregation-function><value/></aggregation-function></limit></vendor-limits><operational-scope><value/></operational-scope><start-date/><expiry-date/><threshold-value><unit/><value/></threshold-value></entitlement-pool></entitlement-pool-list><license-key-group-list><license-key-group><name>VMX-ADV-5G </name><description>5G perpetual license. Includes full scale L2/L2.5, L3 features. Includes EVPN and VXLAN. Only 16 L3VPN instances 
</description><type>Unique</type><increments/><license-key-group-uuid>64021691-f838-48c4-9fae-5a5cae055542</license-key-group-uuid><manufacturer-reference-number>VMX-ADV-5G </manufacturer-reference-number><sp-limits/><vendor-limits><limit><description/><metric>bandwidth</metric><values>5</values><unit/><time><value/></time><aggregation-function><value/></aggregation-function></limit><limit><description/><metric>bandwidth_units</metric><values>Gbps</values><unit/><time><value/></time><aggregation-function><value/></aggregation-function></limit></vendor-limits><operational-scope><value>Network_Wide</value></operational-scope><start-date/><expiry-date/><threshold-value><unit/><value/></threshold-value></license-key-group></license-key-group-list><name>VMX 5G ADVANCE PKG FG</name><description>5G perpetual license. Includes full scale L2/L2.5, L3 features. Includes EVPN and VXLAN. Only 16 L3VPN instances 
</description><part-number>VMX-ADV-5G </part-number><feature-group-uuid>9DD026271B3A407D8AC71B6BCAA220DA</feature-group-uuid></feature-group><feature-group><entitlement-pool-list><entitlement-pool><name>VMX 100G ADVANCE PKG EP</name><description>100G Perpetual license. ADVANCE package. Scale: 8M RIB, 16 L3VPN instances, VPN instances (both L2 and L3 VPN technologies) up to system scale. </description><increments/><entitlement-pool-uuid>B19E5DE45EE34953967DB5CED58A9AF9</entitlement-pool-uuid><manufacturer-reference-number>VMX-ADV-100G</manufacturer-reference-number><sp-limits/><vendor-limits><limit><description/><metric>bandwidth_units</metric><values>Gbps</values><unit/><time><value/></time><aggregation-function><value/></aggregation-function></limit><limit><description/><metric>bandwidth</metric><values>100</values><unit/><time><value/></time><aggregation-function><value/></aggregation-function></limit></vendor-limits><operational-scope><value/></operational-scope><start-date/><expiry-date/><threshold-value><unit/><value/></threshold-value></entitlement-pool><entitlement-pool><name>VMX ADVANCE Queuing License for 100G</name><description>Stand alone queuing license for 100G. Applies to ADVANCE only.</description><increments/><entitlement-pool-uuid>AE5E4A2A4A8D44AD9C97E1DBA2CE57D7</entitlement-pool-uuid><manufacturer-reference-number>VMX-ADV-100G</manufacturer-reference-number><sp-limits/><vendor-limits><limit><description/><metric>bandwidth_units</metric><values>Gbps</values><unit/><time><value/></time><aggregation-function><value/></aggregation-function></limit><limit><description/><metric>bandwidth</metric><values>100</values><unit/><time><value/></time><aggregation-function><value/></aggregation-function></limit></vendor-limits><operational-scope><value/></operational-scope><start-date/><expiry-date/><threshold-value><unit/><value/></threshold-value></entitlement-pool></entitlement-pool-list><license-key-group-list><license-key-group><name>VMX-ADV-100G</name><description>100G Perpetual license. ADVANCE package. Scale: 8M RIB, 16 L3VPN instances, VPN instances (both L2 and L3 VPN technologies) up to system scale. </description><type>Unique</type><increments/><license-key-group-uuid>5A8916871F594FC3806EC290CC9A8485</license-key-group-uuid><manufacturer-reference-number>VMX-ADV-100G</manufacturer-reference-number><sp-limits/><vendor-limits><limit><description/><metric>bandwidth</metric><values>100</values><unit/><time><value/></time><aggregation-function><value/></aggregation-function></limit><limit><description/><metric>bandwidth_units</metric><values>Gbps</values><unit/><time><value/></time><aggregation-function><value/></aggregation-function></limit></vendor-limits><operational-scope><value/></operational-scope><start-date/><expiry-date/><threshold-value><unit/><value/></threshold-value></license-key-group></license-key-group-list><name>VMX 100G ADVANCE PKG FG</name><description>100G Perpetual license. ADVANCE package. Scale: 8M RIB, 16 L3VPN instances, VPN instances (both L2 and L3 VPN technologies) up to system scale. </description><part-number>VMX-ADV-100G</part-number><feature-group-uuid>d190f77519df4849bc8fbc41838ba8c9</feature-group-uuid></feature-group></feature-group-list></vf-license-model>