<vf-license-model xmlns="http://xmlns.openecomp.org/asdc/license-model/1.0"><vendor-name>Mobility Vendor</vendor-name><vf-id>d2d896b8b3554e69b38260b9988e1729</vf-id><feature-group-list><feature-group><entitlement-pool-list><entitlement-pool><name>Blank Entitlement Pool</name><description>blank</description><increments>NA</increments><entitlement-pool-uuid>f389e9d8-f3a0-414d-9312-bcfc89c7d81d</entitlement-pool-uuid><start-date/><expiry-date/><manufacturer-reference-number>000</manufacturer-reference-number><threshold-value><unit>Absolute</unit><value>0</value></threshold-value><sp-limits/><vendor-limits/><operational-scope><value>Network_Wide</value></operational-scope></entitlement-pool></entitlement-pool-list><license-key-group-list/><description>blank</description><part-number>000</part-number><name>Blank Feature Group</name><feature-group-uuid>EAA8CA36DE1D48C698ECC9E6E5433F60</feature-group-uuid></feature-group></feature-group-list></vf-license-model>